GeneID	Em10	Em12	Em14	Em16	Em18	Em20	Em22	Em24	Em26	Em28	Em30	Em32	Em34	Em36	Em38	En6	En8	En10	En12	En14	En16	En18	En20	En22	En24	En26	En28	En30	En32	En34	En36	En38	S0	S2	S3	S4	S6	S8	S10	S12	S14	S16	S18	S20	S22	S24	S26	S28	S30	S32	S34	S36	S38	Shoots	Roots	Leaf_1	Leaf_2	Leaf_3	Leaf_4	Leaf_5	Leaf_6	Leaf_7	SAM_1	SAM_2	SAM_3	Ear_1	Ear_2	Tassel_1	Tassel_2	Tassel_3	Tassel_4	Tassel_5	Cob_1	Cob_2	Silk	Anthers	Ovule	Pollen
GRMZM2G048910	18.69	51.55	7.94	35.3	25.36	21.04	32.36	26.59	40.24	30.56	9.86	6.55	24.48	8.65	13.93	10.46	10.14	3.8	3.03	1.83	2.95	5.25	2.41	6.04	3.27	7.17	4.55	6.51	7.22	11.21	12.64	16.35	0.1	0.27	0.56	0.64	2.08	7.39	12.17	10.89	9.24	7.52	9.36	12.75	9.14	7.65	8.36	4.21	17.17	3.38	19.55	5.7	12.91	0.18	0.38	0.07	0	0.96	3.01	0.5	0.03	0.03	0.06	0.03	0	0.03	0.05	0.06	0.03	0.08	0.07	0.32	0	0	0.49	0.02	0.13	0
GRMZM2G027914	2.61	6.98	3.36	6.16	6.85	4.84	6.14	6.82	5.04	9.47	2.86	2.66	2.52	2.02	2.32	0.55	0.31	0.02	0.18	0.02	0.23	0.41	0.23	0.5	0.36	0.56	0.52	0.53	0.67	1.31	1.64	1.59	0.06	1.22	0.69	1.18	0.79	0.61	0.22	0.62	0.5	0.63	1.03	0.62	0.13	0.98	1.35	0.97	2.82	1.5	2.22	1.61	1.48	0.07	0.25	0.05	0.05	0	0	0.05	0	0.03	0	0	0.3	0.04	0.03	0.07	0.07	0.07	0.28	0.22	0.04	0.04	0.13	0.09	0.11	0
GRMZM2G158788	21.98	40.15	20.27	30.36	35.84	10.76	29.34	22.13	39.73	47.16	15.51	16.09	20.5	10.68	22.33	13.45	3.33	2.13	1.65	0.68	1.08	1.06	0.96	1.87	1.54	1.67	2.8	2.71	4.21	2.88	8.51	13.23	0.24	0.18	0.37	0.45	2.1	3.92	4.31	10.07	6	4.82	5.1	6.46	4.06	5.18	5.78	5.94	12.08	6.23	7.89	5.6	6.39	0	0	0	0	0	0	0	0	0	0.07	0	0	0.04	0.1	0	0	0	0.04	0	0	0.09	0.64	0.03	0.51	0.03
GRMZM2G176390	118.5	87.6	48.24	57.36	56.7	59.92	128.9	155.77	135	83.63	28.58	18.45	23.91	9.11	8.66	0.14	0.71	0.06	0.04	0.03	0.53	0	0.32	2.46	3.09	2.43	5.49	0.67	2.38	5.11	4.15	3.47	0	0.08	0.13	0	0.16	0.22	2.46	2.71	2.39	4.17	4.38	10.73	15.55	17.17	15.2	11.06	9.39	2.68	13.2	6.76	15.79	0	0.03	0	0	0	0	0	0	0	0.09	0	0	0.22	0.55	0.14	0.14	0.14	0	0	0.3	0.31	0.41	0	0.07	0
GRMZM2G344936	4.96	5.36	0.37	4.82	8.57	1.5	5.65	4.1	10.85	6.25	1	0.34	3.53	2.04	3.94	2.01	1.29	1.06	1.09	1.89	0.85	2.52	1.11	1.04	1.01	2.41	0.2	1.09	0.95	2.65	1.97	4.43	6.97	4.39	11.37	5.42	0.89	2.64	2.83	1.93	1.5	1.11	1.42	3.13	2.51	1.52	1.9	0.16	2.93	0.34	1.7	0.1	2.75	0	0	0	0	0	0	0	0	0	0	0	0	0	0	0	0	0	0	0.11	0	0	0	0	0	0
GRMZM2G361593	33.64	39.1	36.43	49.23	39.39	33.59	32.39	34.98	31.16	44.27	30.37	30.28	38.78	26.64	40.23	6.46	2.04	3.2	2.56	1.12	1.67	1.44	1.84	2.32	1.8	1.79	3.24	2.41	4.29	7.36	9.09	15.32	5.37	7.38	7.21	6.07	5.37	4	5.42	5.86	4.62	6.99	6.48	7.28	6.71	5.49	6.54	9.71	30.08	30.66	27.09	20.82	31.83	3.11	3.69	3.2	2.6	4.18	4.83	3.23	2.93	2.6	3.24	2.74	0.68	3.7	3.72	3.15	2.6	2.61	3.45	3.35	4.46	4.39	3.25	1.38	6.63	0.19
GRMZM2G139082	13.18	10.36	10.7	9.24	7.14	6.15	7.68	5.16	6.69	8.13	6.27	5.78	6.12	5.65	7.5	0.55	0.13	0	0.02	0	0.01	0	0.11	0	0.08	0.1	0.41	0.05	0.07	0.15	0.28	0.02	0	0.04	0	0.1	0.49	0.26	0.23	0.18	0.25	0.48	0.77	0.69	1.93	0.84	0.9	1.41	4.36	3.64	3.93	4.07	6.17	0.16	0.62	0	0	0	0	0	0	0	0.04	0.1	0.1	0	0	0	0	0	0	0	0	0	0	0	0.02	0.02
GRMZM2G141638	7.41	4.32	2.12	2.98	2.87	3	3.02	3.05	1.41	0.53	1.39	1.21	0.73	1.19	1.08	0.34	0.06	0	0.01	0	0	0	0	0	0	0	0	0.03	0	0	0	0	0	0	0	0.08	0	0.09	0	0	0.06	0.31	0.19	0.43	0.2	0.42	0.47	0.29	1.06	0.83	1.13	1.34	0.72	0.05	0.59	0	0	0	0	0	0	0	0	0	0.22	0.02	0	0	0	0	0	0	0	0	0	0	0	0
GRMZM2G011789	41.72	19.52	2.16	2.55	0.19	0	0	0	0	0.14	0	0.14	0.2	0	0	0.18	0	0	0	0	0	0	0	0	0	0	0	0	0	0	0	0	0	0	0.05	0.06	0	0.9	0.11	0.27	0.24	0.28	0.11	0.03	0	0	0	0	0	0	0.09	0.34	0.19	0	0	0	0	0	0	0	0	0	0.04	0	0	0	0	0	0	0	0	0	0	0	0	0	0	0
GRMZM2G170958	5.77	3.44	2.77	2.88	0.75	0.34	0.26	0.05	0.09	0.35	0	0.07	0.19	0	0.8	0	0.05	0	0	0	0	0	0	0	0	0	0	0	0	0	0.09	0.56	0	0	0	0	0	0	0	0.12	0.01	0.07	0.03	0	0	0.06	0	0.13	0.08	0.28	0	0.08	0.27	0	0.05	0.1	0.06	0	0	0	0	0	0	0	0.24	0	0.03	0	0.04	0.03	0.04	0.05	0	0	0	0	0.06	0
GRMZM2G032180	8.56	8.52	4.19	1.68	0.49	2.06	0.83	0.36	0	0	0	0	0.07	0	0	0	0	0	0	0	0	0	0	0	0	0	0	0	0	0	0	0	0	0	0	0	0	0	0.33	0.1	0.44	0.25	0.09	0.16	0	0	0	0.23	0	0	0.08	0	0.2	0.04	0.21	0	0	0	0	0	0	0	0.12	0.14	0	0.07	0	0	0.12	0.06	0	0	0	0	0	0	0	0
AC185611.3_FG001	5.52	1.97	0.56	0.69	0	0	0.14	0	0	0	0	0	0.08	0	0.37	2.12	0.39	0	0	0	0.32	0	0	0	0	0	0	0	0.41	0	0	0	0	0.11	0.18	1.95	1.7	0.41	0	0.11	0	0	0	0	0	0	0	0.24	0	0	0	0	0	0	0.09	0	0	0	0	0	0	0	0	0	0	0	0	0	0	0	0.31	0.33	0	0	0	0.34	0	0
GRMZM2G055155	3.18	0	0	1.07	0	0	0.35	0	0	1.93	0	0	0.52	1.94	1.49	0	0	1.88	0.11	0	0.3	0.08	0.42	0.23	0	0	0	0.55	0.1	0.56	0	0	0.22	1.3	0	0.98	2.34	1.16	0	0.41	0	0.41	0	0.14	0	0	0	0.23	0	0	3.79	0	0.26	0	0	0	0	0	0	0	0	0	0	0	0	0	0	0	0	0	0	0	0	0	0	0	0	0
GRMZM2G066321	2.14	1.48	0.74	0.17	0.52	0.52	0.6	1.85	1.46	0.29	0.56	0.26	1.4	0.4	1.17	0.27	0	0	0	0	0	0	0	0	0	0	0	0	0	0	0	0	0	0	0	0	0.06	0	0.14	0.11	0.06	0.06	0.14	0	0	0.08	0	0.21	0.87	0.44	0.36	0.27	0.52	0	0.86	0	0	0	0	0	0	0	0	0	0.15	0	0	0	0	0	0	0	0	0	0	0	0	0
GRMZM2G081441	2.26	2.26	1.05	0.33	0.39	0.47	0.13	0	0	0	0	0	0	0.07	0	0	0	0	0	0	0	0	0	0	0	0	0	0	0	0	0	0	0	0	0	0	0.32	0.06	0.24	0.03	0.07	0.07	0.03	0.14	0	0.09	0	0	0	0	0.09	0	0	0.02	0.08	0	0	0	0	0.05	0	0	0.07	0	0	0	0	0	0	0	0.04	0.05	0	0.05	0	0	0.03	0
GRMZM2G090603	4.37	3.04	1.43	1.74	0.53	1.16	1.33	0.73	0.5	1.04	0.21	0.12	0.24	0.18	0.45	0	0	0	0	0.01	0.03	0	0	0	0.04	0	0	0	0	0	0	0	0.45	0.13	0.64	0.68	0.13	0	0	0.08	0.18	0.06	0.06	0.24	0	0	0.18	0.09	0.51	0.36	0.25	0.12	0.75	0.05	0.71	0	0	0.07	0.03	0	0	0.02	0.02	0.03	0	0	0	0.03	0	0	0	0	0	0	0.09	0	0.1	0
GRMZM2G101646	3.59	3.43	1.45	1.27	0.12	0.67	0.06	0.2	0	0	0	0	0	0	0	0.28	0.42	0	0	0	0	0	0	0	0	0	0	0	0	0	0	0	0	0	0	0	0.4	0	0.3	0	0.1	0.09	0.1	0.12	0	0.07	0	0	0	0	0	0	0	0	0	0	0	0	0	0	0	0	0	0	0	0	0	0	0	0	0	0	0	0	0	0	0	0
GRMZM2G127342	10.04	1.97	1.62	1.22	0	0.78	0.61	1.43	0.23	2.14	1.62	2.53	1.17	0.56	0.3	0.03	0.09	0.02	0	0.02	0	0	0	0.05	0.07	0.14	0.27	0	0.37	0.6	0.7	0.59	0	0.05	0	0	0	0.02	0.12	0.05	0.14	0.15	0.08	0	0	0.33	0.59	0.89	0.96	0.32	2.23	0.07	0.19	0.06	0.16	0	0	0	0	0	0.06	0	0.03	0	0.13	0	0	0	0	0	0	0	0	0	0	0	0.05	0
GRMZM2G376674	199.78	59.23	20.52	19.51	11.17	7.33	3.21	0.17	0.32	0	0.28	0	0	0	0	18.06	11.46	0	0.79	0	0	0.02	0	0	0	0	0	0	0	0	0	0	0.37	0.63	1.13	3.93	13.17	9.68	6.95	2.25	2.11	1.28	0.6	0.79	0	0.14	0.07	0	0	0.28	0.3	0.21	0.64	0.04	0	0.08	0	0	0	0	0	0.06	0	0.07	0.13	0	0.06	0	0.06	0	0.29	0	0	0	0	0	0.19	0
GRMZM2G466848	40.48	13.36	7.34	8.25	1.81	1.1	0.41	0.25	0	0	0	0	0	0	0	9.48	3.51	0	0	0	0	0	0	0	0	0	0	0	0	0	0	0	0	0.15	0	2.02	6.89	5.23	1.84	1.29	0.91	0.66	0.07	0.17	0	0	0	0	0	0	0	0	0.55	0	0	0	0	0	0	0	0	0.08	0	0.1	0	0	0	0	0	0	0	0	0	0	0	0.08	0.07	0
GRMZM2G466856	98.17	42.13	19.69	31.95	21.04	13	3.28	1.93	0.99	0	0	0	0	0	0	12.5	4.78	0	0.33	0	0.1	0	0	0	0	0	0	0	0	0	0.43	0	0.45	0.29	1.13	2.09	6.6	4.08	1.87	2.29	1.34	2.06	1.21	1.61	0	0.38	0.21	0.23	0	0.07	0.41	0	0.71	0	0.06	0.11	0	0	0	0	0	0.08	0.41	0	0	0.1	0	0.08	0	0.16	0.3	0.64	0.11	0	0	0.15	0.2	0.14
GRMZM2G011119	0.19	0.25	0.43	1.1	2.02	2.2	8.02	6.47	9.71	17.88	7.24	11.08	19.51	19.37	35.96	0.45	0.1	0.03	0.12	0.01	0.23	0.21	0	0.18	0.34	0.41	0.85	1.31	3.92	4.25	13.52	23.61	0	0.06	0	0.03	0.02	0.12	0.07	0.42	0.1	0.22	0.13	0.43	0.2	0.51	0.84	3.55	11.59	15.25	9.88	10.64	18.72	0	0.07	0	0	0	0	0	0.04	0.06	0.33	0.34	0	0.03	0.06	0.11	0.13	0.15	0.08	0.08	0.03	0.09	0.03	0.02	0	0
GRMZM2G003835	16.21	31.34	11.91	26.57	20.73	17.14	24.58	20.01	32.56	51.27	28.46	39.89	68.18	36.65	90.9	14.61	24.57	15.85	6.4	3.6	2.12	6.96	7.46	5.03	3.31	4.63	6.5	7.16	12.96	10.37	24.01	42.42	27.37	25.64	17.07	38.43	38.06	38.49	22.27	15.57	7.99	13.42	11.43	8.34	10.68	6.31	8.64	11.84	19.77	25.76	22.99	11.07	26.8	3.99	3.48	4.94	1.9	1.74	4.04	3.63	6.64	7.5	16.86	10.96	16.93	8.57	9.64	4.64	7.38	6	14.02	16.29	5.1	6.65	7.24	8.76	8.96	3.24
GRMZM2G019681	17.38	25.99	24.64	24.97	21.48	24.84	30.31	29.08	42.1	33.65	32.12	30.64	48.66	41.85	47.34	19.27	17.8	13.97	11.9	9.75	6.6	8.97	8.26	4.94	5.56	4.21	9.3	7.33	10.55	10.41	12.21	23.47	20.5	28.65	39.47	39.8	35.05	28.62	19.76	18.27	13.33	11.73	12.51	9.8	10.32	9.14	10.36	14.55	16.57	23.98	23.78	18.21	21.95	4.35	3.71	5.24	6.71	4.6	3.36	5.34	6.07	7.55	6.69	5.8	4.88	4.83	3.42	5.66	5.49	4.31	13.82	12.84	6.21	8.09	7.36	4.69	8	0.91
GRMZM2G047533	0.24	0	0.05	1.76	0.24	0.07	6.77	14.16	52.95	43.38	35.76	39.2	95.56	82.01	82.54	0.16	0.24	0.17	0.2	0.8	0.8	3.07	1.35	4.56	3.57	19.28	25.85	12.14	20.41	24.28	12.42	17.99	0.08	0.16	0.12	0.13	0.04	0.09	0	0.06	0.34	0.48	1.13	1.05	4.19	3.25	5.4	14.08	56.45	32.79	46.92	29.68	48.55	0.48	0.2	0.43	0.15	0.08	0.06	0.22	0.39	0.22	0	0.03	0	0.18	0.13	0.25	0.34	0.07	0.35	0.26	0.24	1.06	0.17	0.06	0.18	0
GRMZM2G068703	15.35	14.91	17.45	13.63	13.14	17.92	13.72	16.33	12.84	17.36	12.23	13.73	19.08	14.31	16.54	9.68	12.77	5.26	3.89	2.89	1.42	3.56	4.52	5.45	3.5	4.77	1.8	2.78	4.95	4.26	5.84	7.42	30.36	31.86	24.75	32.37	45.89	33.1	21.04	17.38	11.22	14.79	10.49	8.88	10.44	6.43	10.51	7.71	8.13	9.78	8.72	10.45	9.86	9.06	7.41	6.37	11.98	7.93	5.73	4.8	12.76	8.59	7.92	10.14	9.78	12.79	3.9	12.05	12.36	6.41	11.06	9.09	4.71	4.62	12.3	6.24	8.33	3.74
GRMZM2G078129	0.18	0.95	1	3.46	3.68	3.57	3.16	3.63	2.78	5.59	2.01	2.44	4.26	4.15	4.06	0	0	0	0	0	0	0	0	0.1	0	0	0.09	0	0.04	0.09	0.07	0.12	0	0	0	0	0	0.15	0	0.04	0.02	0.15	0.22	0.47	0.74	0.37	0.36	0.59	3.58	1.96	5.01	1.94	3.61	0	0.36	0.07	0	0	0	0	0.05	0.08	0.03	0	0	0	0.03	0.19	0.21	0.13	0.03	0.07	0	0.07	0.03	0.12	0.17	0
GRMZM2G120475	0.78	1.09	3.35	10.62	22.09	42.94	37.25	43.22	36.86	72.35	32.92	43.58	89.61	56.45	64.71	0	0	0.07	0	0.08	1.04	0.11	0.2	0.59	0.75	0.95	2.44	1.63	5.86	19.93	21.47	42.62	0	0	0	0	0	0	0.43	0	0	0.64	1.37	5.7	8.77	7.2	5.82	27	62.15	74.02	65.13	34.2	46.28	0.04	0	0	0	0	0	0	0.05	0	0	0	0	0.07	0	0	0	0	0	0	0	0	0	0	0	0
GRMZM2G121502	0.37	0.21	0.12	1.87	1.43	3.73	5.42	3.09	6.11	6.08	0.76	1.77	6.54	2.69	6.25	0	0	0	0	0	0	0	0	0.2	0.08	0	0.13	0.08	0	0.37	1.19	1.91	0	0	0	0	0	0	0	0	0	0.13	0.26	0.46	1.04	0.34	0.29	0.61	2.21	0.47	2.78	0.84	4.84	0.04	0	0	0	0	0	0	0	0.05	0.05	0.13	0.12	0.06	0	0	0.05	0	0	0	0	0	0	0	0.26	0
GRMZM2G129092	0	0	0	0.09	0	0	1.36	0.98	5.47	5.93	2.01	1.83	5.56	2.78	4.92	0	0	0	0	0	0	0	0	0	0.04	0	0.92	0.08	0.7	0.12	1.06	2.73	0	0.09	0	0	0	0	0	0	0.04	0	0	0.06	0.79	0.12	0.63	0.87	4.43	0.57	2.25	0.12	2.38	0	0	0	0	0	0.06	0	0	0	0	0	0	0	0	0	0	0	0	0	0	0	0	0	0.04	0
GRMZM2G133322	0	0	0	0.14	0	1.46	8.39	7.39	10.76	14.96	7.22	9.57	12.24	10.75	14.13	0	0.08	0	0.01	0	0.02	0.01	0.02	0	0.11	0	0.5	0.08	0.04	0.18	0.17	0.22	0	0.14	0	0	0	0	0.06	0	0.02	0	0	0.19	0	1.06	0.87	1.9	10.31	13.35	12.32	5.86	16.13	0	0.09	0	0	0	0	0.25	0	0	0	0	0.06	0	0	0	0	0	0.35	0.07	0	0	0	0.12	0.19	0.13
GRMZM2G140293	3.46	11.95	10.69	25.27	29.67	34.2	122.59	81.71	150.3	181.04	76.82	84.75	202.91	135.77	228.15	0.48	0.1	2.03	1.43	0.91	0.65	2.46	1.73	3.66	4.82	2.6	16.02	13.88	27.99	36.94	101.7	136.39	1.95	0.86	0.27	0.29	0.09	0.21	4.37	5.32	4.35	2.66	8.87	13.7	4.61	15.57	16.16	32.35	103.03	109.34	133.02	88.8	151.32	0.31	0.16	0.09	0.54	0.42	0.66	0.05	0.06	0.1	0.17	0.12	0	0.08	0.1	0.07	0.2	0.03	0.36	0.39	0.13	0.48	5.38	0.21	0.93	0.09
GRMZM2G318689	4.79	10.22	5.02	6.29	4.54	6.32	5.39	7.15	10.56	6.39	5.69	6.33	8.91	7.51	9.58	0.02	0	0	0.02	0	0	0	0.01	0.13	0.13	0.2	0.47	0.1	0.15	0.58	0.65	0.98	0	0.03	0	0.03	0	0	0	0.04	0.32	0.41	0.38	1.13	0.64	1.11	1.32	2.9	16.08	6.82	14.44	6.53	14.18	0	0	0	0	0	0	0	0	0	0	0	0	0	0.02	0	0.02	0	0	0	0.11	0.07	0	0.03	0.7	0.1
GRMZM2G341460	0.17	0.27	0.19	0.38	0.38	0.11	2.01	1.78	4.89	3.48	1.82	2.97	5.41	1.36	5.01	0	0	0	0	0	0	0.1	0.06	0.13	0.05	0.08	0.51	0.3	0.71	0.74	0.05	0.67	0	0	0	0	0.19	0	0	0	0.09	0.29	0.16	0.17	0.92	0.48	0.46	0.77	1.04	0.97	0.98	0.94	1.77	0	0	0	0	0	0	0	0	0	0.72	0.64	0	0.04	0	0.04	0	0	0	0	0.05	0	0	0	0	0
GRMZM2G460465	2.83	3.36	3.23	6.02	4.4	4.76	9.15	9.26	16.5	30.02	16.45	13.94	29.34	20.79	30.93	7.81	4.28	5.4	2.69	1.58	2.96	2.18	2.4	1.8	1.88	1.9	3.76	2.61	3.2	4.46	12.18	17.82	9.52	12.27	20.99	27.65	44.27	34.62	12.7	17.38	8.19	8.06	4.86	6.17	1.61	2.94	5.22	4.66	13.63	10.46	12.71	8.36	15.59	0.13	0.17	0	0.08	0.09	0.12	0.21	0.19	0.35	0	0	0	0	0	0	0	0	0.18	0	0.13	0	0.06	0.13	0.16	0
GRMZM2G471362	0.09	0	0	0.2	0.06	0	1.49	0.73	1.45	0.79	0.92	0.67	1.99	1.45	1.35	0	0	0.04	0	0	0	0	0.02	0	0.02	0	0.19	0.32	0.47	0.47	0.29	0.93	0.02	0	0	0	0	0	0	0	0	0	0	0	0.06	0.19	0.14	0.13	0.98	1.79	1.7	1.25	1.12	0	0	0	0.04	0	0	0	0.09	0.07	0	0	0.2	0	0	0	0	0.02	0	0	0	0	0	0	0	0
GRMZM2G473960	16.39	42.53	17.89	199.79	190.35	418.25	1129.01	726.18	1862.64	1810.98	854.05	912.31	1818.59	2019.27	2381.21	1.78	0	1.21	0.53	0.52	2.7	3.05	2.32	27.33	18.42	22.88	172.85	88.7	379.94	469.95	1005.55	1128.32	0.05	0.66	0.29	0.39	0	0	2.88	2.56	2.57	8.4	24.23	89.09	101.52	128.6	122.59	368.5	1207.2	730.03	1447.78	605.16	1588.51	0	0.18	0	0	0	0	0	0	0	0.05	0	0	0.06	0.05	0	0	0	0.25	0	0.14	0	2.26	0.05	0	0
GRMZM2G491719	4.09	9.64	6.32	7.42	13.28	9.92	11.62	7.51	12.75	14.72	9.26	8.46	16.19	11.76	21.95	5.89	7.49	6.97	4.16	2.55	4.79	3.72	5.07	2.61	2.53	2.09	1.5	3.48	2.88	2.72	3.25	9.67	21.32	10.04	12.29	18.44	21.55	12.46	10.68	8.18	4.39	5.61	5.57	5.31	3.88	3.45	3.47	3.43	3.44	7.48	5.79	6.39	6.98	0	0	0	0	0	0	0	0	0	0	0	0.57	0	0	0.04	0	0	0.1	0	0	0	0	0	0.03	0
GRMZM5G878205	0	0	0.71	0	0.86	0	8.19	9.96	4.74	8.38	3.55	5.14	22.37	12.08	29.77	0	0	0.2	0	0	0	0	0	0	0	0	0.39	1.46	0.52	1.87	7.1	6.33	0	0	0.44	0	0	0	0	0	0	0	0	0	1.66	0.12	0.16	0.61	1.4	9.31	4.06	5.43	6.63	0	0	0	0	0	0	0	0	0	0	0	0	0	0	0	0	0	0	0	0	0	0	0	0	0
GRMZM2G320549	20.01	39.17	42.85	82.78	153.96	191.12	293.86	367.91	381.31	430.4	588.58	608.86	484.03	411.45	453.91	22.87	27.95	28.08	16.67	16.05	30.28	28.71	31.99	27.24	26.29	23.69	33.97	27.65	64.82	99.01	212.45	270.94	40.67	12.73	8.88	26.67	12.42	17.53	20.06	18.89	18.45	21.17	29.33	36.18	56.24	54.6	77.78	159.14	264.84	356.06	401.29	471.63	306.87	5.33	4.21	2.32	1.97	5.03	13.03	17.45	5.22	4.83	0.93	1.1	2.24	1.57	1.69	3.27	4.12	3.22	8.9	5.53	1.86	1.31	3.7	1.65	2.06	0.61
GRMZM2G465860	2.51	0.25	15	40.16	105.28	162.97	165.43	156.91	136.18	197.5	185.76	301.8	338.67	373.28	357.29	0	0	0.88	0.86	0.74	2.06	6.55	2.68	4.43	5.17	0.92	6.05	3.78	10.46	31.51	27.99	68.64	5.64	7.23	2.99	3.24	0.06	0	0.28	1.9	4.82	9.55	22.39	26.9	31.29	25.18	29.69	56.87	158.41	298.8	209.21	191.59	235.58	0.21	0	0	0	0	0	0.09	4.83	5.05	0.13	0.23	0.43	0	0	0.07	0	0.06	0	0	0.25	0	0.08	0	0.15	0
AC205336.3_FG003	0	0	0	0	0	0.44	0.5	0.27	0.61	0.46	1.19	2.47	1.38	1.76	0.61	0	0	0.06	0.08	0.03	0	0	0	0	0.03	0	0.11	0.24	0.11	0.16	1.67	0.69	0	0	0.13	0.04	0.08	0	0.1	0.12	0.11	0	0.24	0.07	0.59	0	0.1	0.52	0.99	1.55	0.58	1.49	0.4	0.71	0	0	0.07	0.04	0	0	0	0	0	0	0	0	0	0	0	0	0.11	0.06	0	0	0	0.04	0	0
AC205513.3_FG003	0.15	0	0.16	1.16	0	2.99	11.06	14.72	23.34	20.11	23.68	32.81	37.83	51.67	36.02	0.1	0	0.06	0	0	0.06	0.1	0	0	0.24	0.48	1.32	0.91	5.49	5.22	10.38	17.7	0.18	0.58	0.14	0.39	0.04	0.04	0	0	0	0	0.07	0.37	1.55	1.68	1.68	7.31	21.56	30.02	33.01	34.2	47.16	0	0	0	0	0	0	0.07	0	0	0	0	0	0	0	0	0	0	0.12	0.26	0.79	0.07	0.13	0.13	1.77	0.17
GRMZM2G000423	16.97	47.05	70.97	96.01	125.81	150.11	195.37	260.03	459.12	633.06	534.31	587.74	714.51	532.03	635.09	0	0	0.15	0.05	0.02	2.03	0.43	0.35	3.45	4.13	3.28	42.18	16.87	63.32	86.24	110.81	196.25	12.99	10.9	8.54	6.87	0.6	0	0.43	1.53	1.49	4.23	13.15	17.36	28.1	35.9	60.24	162.69	330.03	283.69	443.41	249.3	292.41	2.32	0.17	0	0	0	0.65	1.76	0	0	0	0.07	0.07	0.04	0	0.06	0	0	0.22	0.4	0	0	0.97	0	4.81	0.03
GRMZM2G006416	14.37	16.4	18.18	15.43	22.2	28.77	49.49	62.79	51.64	66.56	69.4	86.55	83.6	105	105.65	22.85	24.14	19.02	18.31	19.18	19.54	20.71	17.76	17.14	18.4	24.03	20.15	23.32	29.09	33.78	22.91	37.57	14.67	25.49	17.33	24.23	30.08	26.46	26.73	27.52	19.9	25.83	21.61	21.09	30.4	19.6	32.55	40.2	54.29	81.94	64.86	72.82	65.45	10.25	20.28	5.03	7.71	6.11	5.59	7.01	5.09	5.9	7	6.28	5.1	6.26	2.27	6.27	6.25	4.32	15.14	11.9	7.65	5.96	8.69	8.61	7.74	1.19
GRMZM2G010765	4.87	2.89	1.8	5.17	6.75	6.29	11.28	22.52	35.73	27.74	60.11	70.53	50.44	76.62	55.52	0.25	0.12	0.77	0.47	0.55	0.54	0.52	0.21	0.73	1.01	3.11	5.04	3.86	15.49	22.48	20.13	23.77	3.3	4.45	3.18	3.35	4.97	2.09	2.12	3.08	2.29	2.77	1.99	2.72	7.06	4.45	8.4	27.63	64.89	54.78	55.53	66.03	43.27	1.68	4.14	0.51	2.45	6.45	6.54	4.16	3.77	4.6	1.66	2.29	6.15	8.72	5.14	8.54	7.77	5.63	7.21	6.36	4.59	6.04	1.23	3.45	3.87	0.72
GRMZM2G011367	0.44	0.87	2.36	3.85	7.88	12.1	59.26	42.11	35.99	24.53	59.58	88.08	73.26	84.87	84.05	0.24	0.35	0	1.35	0.53	1.36	0.39	1.78	2.69	2.93	1.08	9.37	6.45	21.83	21.48	11.04	9.25	0	1.12	0	0	0.2	0	0.61	0.29	0.57	0.72	3.29	3.27	6.74	3.82	9.79	41	101.34	164.19	94.96	65.62	114.84	0	0	0	0	0	0	0	0	0	0	0	0	0	0	0	0	0	0.14	0	1.64	0	0.14	0	0	0
GRMZM2G018793	5.08	9.47	14.83	18.76	16.49	15.83	19.37	21.17	24.44	24.16	27.97	26.63	29.85	21.44	23.37	0.03	0	0	0.07	0.03	0.22	0.06	0.18	0.47	0.24	0.21	0.62	0.57	0.74	0.61	1.24	2.09	0	0	0	0.02	0	0.05	0	0.25	0.38	1.02	1.31	2.46	3.63	2.56	3.75	7.49	15.52	15.94	17.83	13.58	20.06	0.08	0.82	0	0.05	0.03	0.04	0.08	0.14	0.17	0	0	0.07	0.07	0	0	0	0	0.99	0.83	0	0.08	0	0.08	0	0.07
GRMZM2G021912	19.38	33.32	42.83	44.67	72.22	80.2	96.2	126.77	105.38	128.44	150.44	139.97	125.21	176.99	152.78	28.92	31.13	22.26	14.97	14.4	17.48	20.93	13.38	14.04	12.34	8.87	13.66	14.2	27.97	40.25	63.4	81.7	65.23	91.46	62.5	79	76.08	47.6	32.47	28.35	22.37	34.98	26.19	28.74	39.86	31.2	44.92	62.8	75.19	110.29	91.18	98.56	114.68	9.29	29.17	5.73	14.79	3.2	3.27	3.53	13.25	13.81	20.68	21.66	6.47	14.15	12.32	23.12	21.36	18.68	6.77	4.77	6.08	8.85	9.63	4.37	11.4	2.93
GRMZM2G033862	0.46	0.28	1.79	1.14	0.39	3.34	4.92	8.54	7.45	4.72	6.93	9.5	6.75	12.44	11.86	0.15	0.31	0.16	0.12	0.14	0.13	0.14	0.53	0.19	0.23	0.07	0.73	0.42	1.12	2.74	5.52	7.01	1.59	0.42	0.32	0.26	0.1	0.14	0.47	0.15	0.3	0.09	0.4	0.61	0.9	1.17	0.97	2.5	6	13	12.63	8.25	14.66	0.14	0.04	0.04	0.43	0.42	0.36	0.61	0.11	0.06	0.06	0	0	0.03	0.06	0.06	0.03	0	0	0	0.04	0.04	0.59	0.03	0.19	0
GRMZM2G035969	0.42	1.3	2.08	1.48	1.8	6.04	9.74	15.06	30.66	25.26	33.61	19.8	36.12	24.8	24.82	0	0	0	0	0.04	0.12	0	0	0	0.45	0.73	0.59	0	0.34	0.43	0.16	0.86	0	0.05	0.08	0	0	0.05	0	0	0.02	0	0.16	0.56	0.55	2.2	1	5.37	14.34	8.36	16.83	10.18	11.3	0	0.17	0	0.1	0	0	0	0	0	0	0	0	0	0	0	0	0	0.22	0	0	0	0	0	0	0
GRMZM2G038536	48.67	82.76	125.87	334.78	466.21	790.03	679.41	683.28	875.28	687.9	1192.23	1259.84	716.12	960.15	693.81	1.12	0.69	1.82	0.67	0.65	8.62	3	2.44	18.17	20.14	22.68	79.15	50.64	225.75	327.49	254.84	420.33	3.15	4.17	3.21	3.46	2.27	1.56	3.2	2.25	4.04	22.58	40.96	80.94	130.86	111.8	177.99	466.37	893.13	794.99	861.15	779.68	590.94	1.17	1.53	1.73	1.51	0.73	0.82	0.79	2.38	2.15	16.47	15.34	0.95	8.15	3.16	7	6.33	3.73	1.08	1.13	9.3	5.93	1.57	0.18	7.56	0.06
GRMZM2G057317	3.32	13.76	23.32	29.76	26.41	61.48	71.9	118.02	205.08	150.98	205.59	99.6	149.57	118.99	80.17	0	0	0	0.59	0.26	2.79	0.97	0.74	1.78	3.17	3.82	5.63	2.93	0.98	2.3	5.01	0.88	0	0	0	0	0	0.3	0.31	0.16	0.96	3.26	4.11	6.46	23.7	23.75	10.42	27.45	70.84	40	133.88	93.27	105.01	0	0.52	0	0	0.08	0	0	0	0	0	0	0.21	0	0	0	0	0	0	0.24	0	0	0.12	0	0	0
GRMZM2G058474	0.11	0	0.25	0.05	0.31	0	1.35	3.82	12.35	11.55	15.23	13.29	13.48	7.16	8.63	0	0	0	0	0	0	0.04	0	0	0.04	0.27	0.9	0.04	0.18	0.74	0	0	0	0	0	0.09	0	0	0	0	0	0.06	0.08	0.07	0	0.04	0.65	2.94	8.31	1.81	4.36	4.66	2.19	0.15	0.32	0.08	0.09	0	0.07	0.32	0.06	0.06	0.06	0	0	0	0	0	0	0	0.07	0.15	0	0	0	0	0.05	0
GRMZM2G078806	1.47	1.92	3.97	18.46	66.73	115.36	213.05	187.54	189.3	254.98	136.83	198.34	215.52	200.34	310.29	0.5	0.41	0.08	0.06	0.14	1.12	0.42	0.76	4.92	5.16	11.62	31.51	21	52.62	78.13	102.76	166.73	0.19	1.85	0.43	1.19	0.52	0.74	1.35	1.64	0.33	1.59	4.05	12.18	19.98	18.5	27.26	79.88	145.95	184.73	166.46	146.02	223.09	6.01	0.72	0	0.07	3.59	3.49	2.25	0	0	0.04	0	0.14	0.02	0	0.04	0.04	0.06	0.91	0.51	0.57	0.22	0.8	0.11	0.12	0
GRMZM2G085600	32.51	27.56	39.06	32.1	29.02	34.69	36.83	40.7	58.34	43.21	58.72	78.09	71.59	69.76	75.18	40.01	39.37	45.14	29.72	21.15	23.76	24.32	26.45	19.5	22.8	18.34	16.55	18.56	22.01	28.89	26.3	42.62	26.19	36.48	35.88	49.48	46.62	47.1	47.96	32.45	29.88	38.55	36.71	31.18	33.88	27.44	35.97	35.8	34.09	47.41	44.46	51.1	44.41	12.13	12.24	9.82	12.61	5.06	6.34	7.96	11.63	12.6	17.62	17.86	4.84	12.29	5.66	10.44	9.56	6.17	12.94	12.46	10.34	11.69	14.31	8.56	13.15	6
GRMZM2G091743	1.11	0.55	4.73	9.58	15.59	26.77	19.85	22.02	12.96	15.2	17.21	26.19	21.6	20.02	26.38	0	0	0.03	0	0.06	0.51	0.22	0.12	0.58	0.57	0.45	0.4	0.18	0.76	2.09	3.02	6.8	0	0.13	0.13	0.08	0	0	0	0.16	0.04	0.63	1.52	2.76	1.22	2.56	1.96	7.16	14.71	35.94	30.21	12.41	18.17	0.03	0	0	0	0	0	0.07	1.98	2.04	0.05	0.06	0	0.06	0.14	0.1	0	0	0	0	0.06	0	0	0	0	0
GRMZM2G110553	0	0.22	0.43	0.35	0	4.47	2.59	2.41	1.44	2.09	4.77	6.77	4.76	5.81	5.71	0	0	0	0.05	0	0.07	0	0	0	0.08	0	0.27	0	0.14	0.13	0.51	0.26	0	0.25	0.54	0	0	0	0	0	0	0.06	0.1	0.26	0	0.31	0.29	1.23	2.02	11.03	5.13	2.11	7.97	0	0	0	0	0	0	0	0.44	0.23	0	0.07	0	0	0.11	0	0	0	0	0	0	0	0	0	0	0
GRMZM2G117230	21.34	73.39	135.84	313.88	446.29	723.34	720.85	793.46	983.55	714.64	993.6	1091.82	905.74	863.25	880.87	0	0.1	1.1	0.86	0.51	8.78	3.9	2.66	16.1	20.98	21.78	58.09	46.84	127.19	173.75	164.27	381.14	0.15	0.35	0.26	0.21	0.04	0	1.03	2.32	5.69	17.95	36.48	79.95	124.83	118.04	186.49	366.14	533.48	665.13	656.92	635.45	640.92	0.03	0.03	0.03	0	0	0.03	0	0.04	0	0.19	0.05	0.56	0.07	0.08	0	0	0	0.15	0.08	0.11	0.03	0.29	0	0.18	0.02
GRMZM2G118019	98.04	162.78	198.92	238.93	270.24	358.6	286.2	279.93	268.51	241.33	328.78	349.28	311.17	343.71	304.63	0.66	0.62	0.94	1.26	1.16	3.9	2.41	2.29	6.09	8.55	8.39	15.52	11.85	31.95	55.63	60.64	109.04	0.04	0.25	0.16	0.17	0	0.13	2.76	3.82	7.45	17.05	26.23	43.18	35.02	43.19	50.15	107.85	165.2	223.61	221.88	207.49	172.63	0	0.08	0	0	0	0	0.03	0	0	1.67	1.44	0.11	0.77	0.35	1.67	1.84	1.19	0.78	0.25	0.47	0.25	0.12	0	0.25	0
GRMZM2G128114	27.25	38.64	51.42	114.43	230.12	333.94	324.06	374.25	380.07	312.74	540.94	617.57	416.45	456.32	380.95	8.37	7.12	6.95	3.25	1.73	6.77	5.49	2.06	8.58	10.63	5.25	23.05	21.8	81.01	136.7	122.15	266.14	12.46	16.92	15.34	18.89	13.46	8.5	9.03	5.42	5.33	12.8	21.68	42.36	74.27	59.4	89.98	163.57	254.51	366.52	323.99	307.45	245.99	6.12	9.85	2.82	3.34	1.83	2.13	4.71	4.65	4.25	10.09	11.54	1.39	6.76	2.63	7.84	7.04	4.35	11.29	10.23	5.74	6.49	2.35	3.35	8.36	0.17
GRMZM2G138693	0.22	0	0	0.76	3.33	8.07	12.73	21.31	18.76	17.6	20.53	24.51	27.8	13.89	27.53	0	0	0	0	0.02	0.07	0	0	0.16	0.25	0.27	1.83	0.39	0.05	0.46	0.15	1.06	0.88	0.1	0	0	0	0	0	0	0	0	0.12	0.99	0.73	1.26	1.25	4.34	7.93	12.57	9.87	5.81	7.82	0.08	0.04	0	0	0.05	0	0	0.05	0	0	0	0.13	0.13	0	0	0	0.11	4.7	1.1	0	0.15	0.07	0	0.05	0
GRMZM2G143955	318.54	346.34	381.45	372.16	318.22	352.02	473.46	657.57	573.34	486.87	946.13	1370.74	1023.26	931.01	974.58	60.11	65.55	50.81	39.1	22.2	32.61	28.34	22.53	25.67	29.88	25	68.46	43.37	114.6	172.46	189.35	410.44	20.83	23.88	21.56	26.81	30.1	54.7	59.32	51.64	41.28	61.63	75.88	79.99	104.04	110.55	132.45	324.53	704.1	902.31	867.27	762.92	774.31	12.86	16.44	34.45	26.46	15.4	9.27	8.79	31.71	31.94	20.85	16.97	3.66	20.17	9.1	15.82	15.17	8.1	17.34	14.17	14.4	17.09	26.48	3.57	14.63	1.07
GRMZM2G145085	1.14	3.3	2.3	4.22	6.59	7.68	10.63	9.87	7.82	7.88	10.46	12.62	13.08	10.19	9.36	4.9	2.39	0.93	0.16	0.22	0.41	0.63	0.64	0.91	0.65	0.31	0.22	0.61	0.87	1.27	0.07	0.8	2.36	2.19	2.71	3.27	1.61	2.17	1.66	0.9	0.96	2.49	1.66	2.44	2.78	2.05	2.22	3.16	3.32	7.13	5.89	4.91	4.82	0.64	0.98	0.21	0.81	0.95	1.65	0.62	0.96	0.93	0.76	0.43	0.53	0.97	0.49	2.55	2.44	2.28	0.79	0.74	0.55	0.89	0.26	0.81	0.96	0.16
GRMZM2G148147	20.86	26.37	29.27	35.75	45.6	39.61	63.55	72.44	110.07	93.05	102.61	97.21	105.09	130.63	122.5	1.37	1.77	7.33	6.6	7.51	4.96	8.29	6.16	6.89	8.42	7.88	21.75	9.43	19.56	24.82	40.03	61.45	43.26	40.75	41.78	44.08	29.44	14.84	9.18	17.64	8.36	12.03	12.65	13.55	17.06	14.02	23.34	33.41	74.8	96.86	89.48	102.46	91.47	0	0	0	0	0	0	0	0	0	0	0	0	0	0	0	0	0.05	0	0	0	0	0	0	0	0
GRMZM2G154532	25.32	42.47	61.96	78.78	93.67	134.32	146.15	146.71	129.62	134.06	156.3	164.34	191.93	188.5	182.44	20.5	15.08	9.79	4.94	3.65	7.37	8.72	6.87	7.3	9.08	6.32	19.39	14.32	33.73	59.29	60.12	123.01	68.59	62.02	57.82	90.02	48.29	33.99	24.16	16.25	13.74	18.29	21.1	28.83	32.55	26.97	32.92	73.39	118.13	151.75	158.12	181.2	138.68	14.19	8.92	5.54	8.82	23.08	25.46	13.56	9.29	7.51	14.08	13.42	5.19	21.66	9.56	17.39	15.62	10.44	38.18	41.58	20.24	20.56	42.37	37.48	25.05	28.89
GRMZM2G303501	0.15	0	0.77	1.53	1.66	1.63	1.21	2.18	0.62	1.09	2.33	1.4	3.83	1.04	1.63	0	0	0	0	0	0	0	0	0	0.06	0	0.37	0	0	0	0	0	0	0	0	0	0	0	0	0	0	0	0	0.29	0	0.18	0.08	0	0.08	0.44	0	1.41	0.84	0	0	0	0	0	0	0	0	0	0	0	0	0	0	0	0	0	0	0	0	0	0	0	0	0
GRMZM2G314273	0	0	0	0.31	0.46	1.11	2.25	5.45	5.87	4.39	2.71	8.06	7.45	4.46	3.28	0	0	0	0.08	0.18	0.33	0.24	0	0.16	0.25	0	0	0.07	0.07	1.4	0	0	0	0	0	0	0	0	0	0	0	0	0	0.34	0.44	0.81	0.7	0.89	6.71	6.35	8.24	5.91	2.61	0	0	0	0	0	0	0	0	0	0	0	0.58	0	0	0	0	0	0	0.22	0	0	0	0.15	0	0.15
GRMZM2G346132	13.07	19.18	22.38	16.85	23.08	22.29	36.3	53.35	52.71	42.9	65.37	62.23	53.74	49.37	48.92	22.01	26.3	4.94	2	2.74	3.83	3.55	3.69	3.06	3.06	2.56	5.77	6.91	14.89	23.08	16.51	23.31	14.11	11.07	8.46	7.28	8.81	13.14	6.34	6.6	5.03	8.1	7.53	7.28	15.55	8.89	15.62	29.88	31.47	43.35	45.89	31.68	28.48	1.81	1.1	2.53	4.48	4.79	4.54	2.4	7.14	6.53	6.11	5.66	0.75	3.75	2.4	3.31	3.16	3	7.72	6.69	4.09	3.81	2.92	2.97	5.97	0.93
GRMZM2G351599	1.29	1.52	1.65	1.67	3.58	1.74	1.99	3.35	2.02	3.45	2.98	3.58	2.56	3.02	2.92	1.59	0.77	0.96	0.54	0.33	0.38	0.33	0.42	0.39	0.29	0.4	0.69	0.4	0.44	1	1.62	1.12	4.52	1.78	1.71	2.14	1.42	1.46	0.78	0.69	0.78	0.89	0.55	0.74	1.17	0.53	0.8	0.84	1.22	2.5	3.02	2.74	2.57	0.06	0.07	0	0	0	0	0	0	0	0	0	1.08	0	0	0	0	0	0	0	0.03	0	0	0	0	0
GRMZM2G352858	0.15	0	0.08	0.68	0.51	1.92	3.62	3.49	2.61	4.98	5.94	7.17	3.15	1.67	3.1	0	0	0	0.03	0	0.1	0	0	0	0.13	0	0.23	0	0	0.18	0	0.14	0.14	0.48	0	0.27	0.07	0	0.08	0	0.07	0	0.02	0.16	0	0.33	0.34	1.48	1.7	1.04	2.55	1.89	0.66	0.1	0.37	0	0	0.17	0.33	0.27	0	0	0	0.05	0.17	0	0	0	0	0	0.09	0.05	0	0	0.05	0	0.03	0
GRMZM2G357399	26.36	47.38	36.84	41.3	43.35	53.85	71.86	67.42	78.23	86.25	122.58	158.33	126.64	121.75	111.86	29.19	34.11	29.09	19.06	12.89	12.68	14.29	15.76	12.11	14.28	14.1	24.08	19.75	44.88	62.27	41.24	79.62	29.61	43.22	41.59	49.04	53.44	52.32	40.01	33.42	28.63	40.09	29.73	29.34	39.66	24.72	41.58	57.81	92.41	103.67	100.08	111.86	72.36	4.86	7.99	15.37	8.74	4.45	5.75	7.35	15.97	16.47	14.89	12.91	5.7	13.64	3.57	11	13.69	7.36	21.78	17.4	8.75	8.93	15.54	6.04	13.52	1.13
GRMZM2G358051	3.23	2.61	5.01	16.97	30.8	62.22	63.83	67.01	99.28	103.5	86.87	99.91	105.54	150.56	160.06	0.39	0.56	0.57	0.47	0.8	0.91	1.29	1.46	2.08	2.36	2.54	11.3	6.43	23.01	33.95	57.69	92.1	2.85	1.52	1.83	1.9	0.96	0.49	0.71	0.99	1	1.74	3.4	7.68	10.25	11.16	14.72	38.11	89.92	88.01	110.12	79.81	98.05	0.91	0.88	0.88	0.94	0.81	1.4	2.27	1.94	1.86	1.85	1.82	0.86	4.13	2.85	2.89	2.8	2.31	4.76	3.98	7.7	5.08	7.36	0.6	2.69	0.12
GRMZM2G364839	0	0	0	0.73	1.24	4.32	7.53	6.17	13.55	5.82	6.14	6.04	3.15	8.94	9.09	0.24	0.36	0	0	0	0.07	0	0	0	0	0	0.84	0.79	0	0	0.3	0.33	1.06	0	0	0	0	0	0.25	0	0.15	0.42	0.36	0.28	1.2	0.96	1.74	1.43	3.66	2.15	1.76	3.64	5.68	0.16	0.72	0	0	0	0	0	0	0	0	0	0	0	0	0	0	0	0	0	0	0	0	0	0	0
GRMZM2G459828	0.67	9.67	10.32	7.59	16.83	30	34.52	37.83	74.71	41.29	75.49	87.53	38.73	35.37	75.6	6.84	6.09	15.42	7.47	11.96	8.87	9.78	7.94	8.92	10.07	10.71	6.9	12.1	18.73	36.61	9.39	52.69	3.02	55.63	45.68	21.33	18.28	10.92	34.23	10.3	19.35	25.54	14.04	16.37	12.36	15.39	19.23	35.62	20.59	16.9	22	37.14	51.01	0.01	0	0.24	0	0	0	0	0	0	0.13	0.06	0.4	0	0.05	0	0.02	0	0	0	0	0	0	0	0.01	0.02
GRMZM2G479270	0.09	0	0.15	0.36	1.68	2.91	5.75	7.29	7.44	7.07	8.02	9.34	8.43	5.97	6.22	0	0	0.08	0.1	0.14	0.04	0.07	0.12	0.09	0.25	0	0	0.14	0.25	0.52	1.29	0.65	0	0.08	0	0.1	0.04	0.18	0.15	0	0.2	0.07	0.23	0.33	0.58	1.26	1.38	2.68	3.85	6.29	5.53	5.29	5.32	0.21	0.06	0.03	0	0.02	0.08	0.03	0.04	0	0.05	0	0	0	0	0	0	0.07	0.19	0.29	0.03	0.03	0.06	0	0.05	0.06
GRMZM2G575305	4.9	0.99	5.81	30.04	71.59	112.33	162.16	266.55	248.56	248.12	375.32	539.62	336.1	615.16	446.31	0.15	0	0.18	0	0.19	1.76	1.1	0.58	2.93	4.69	5.26	23.96	16.18	93.62	142.2	201.92	246.47	0	0.79	0.4	0	0	0	0.48	0.75	0.03	1.38	5.07	11.11	15.87	19.74	31.49	150.55	381.81	451.04	425.89	515.72	428.91	0.05	0.05	0	0	0	0	0	0.57	0.37	0.22	0	0.5	0	0	0	0.07	0	0.09	0	0.58	0.1	0.28	0	0.06	0
GRMZM2G701188	0	0	0	0	0	0	0.59	1.05	0.32	1.67	0.38	1.19	1.32	0.85	0.23	0	0	0	0	0	0	0	0	0	0	0	0	0	0	0	0	0	0	0	0	0	0	0	0	0	0	0	0	0	0	0	0	0.23	1.03	1.15	2.11	1.44	0	0	0	0	0	0	0	0	0	0	0	0	0	0	0	0	0	0	0	0.31	0.63	0	0	0	0	0
GRMZM5G843216	1.46	1.66	7.86	22.34	44.41	86.31	64.02	67.05	75.74	74.76	103.24	119.57	103.98	82.28	116.64	0	0	0	0	0	0.62	0.2	0.07	0.45	0.66	0.56	4.22	0.89	2.48	3.96	6.01	14.88	0.68	0	0	0.28	0	0.06	0	0.07	0.34	1.06	2.62	6.02	8.25	7.5	9.28	19.68	51.81	96.39	94.7	69.03	86.99	0.03	0.16	0.05	0	0	0	0	0.04	0	0	0.05	0	0.05	0.04	0	0.04	0.08	0	0	0.05	0	0	0	0	0
GRMZM5G866121	0.32	0	1.26	2.78	19.47	19.99	29.88	47.65	32.56	26.72	55.28	48.95	41.96	47.72	50.05	0.08	0	0.31	0	0	0.62	0.3	0	0.39	0.69	1.37	0.78	0.5	1.38	3.04	5.42	6.83	0.15	0.29	0.23	0.13	0	0	0.09	0.14	0	1.08	0.79	3.45	3.07	5	8.32	12.67	31.87	56.9	72.58	62.97	70.1	0	0	0	0	0.07	0.41	0.23	0.08	0.41	0	0	0.74	0	0.08	0	0	0	0	0.21	0.11	0	0.1	0	0	0
GRMZM2G366434	6.4	3.75	4.4	5.99	6.91	6.22	5.5	7.43	5.61	4.51	6.18	4.04	6.98	7.76	8.12	0.19	0.03	0.02	0	0	0.04	0	0	0.03	0.07	0	0.12	0.12	0	0	0	0.05	0	0	0	0	0	0.08	0.04	0.08	0.13	0.36	0.31	0.67	0.55	1.09	1.18	2.22	7.06	7.63	7.68	6.75	15.79	0.16	3.11	0	0	0	0	0	0	0	0.03	0	0.11	0.02	0	0	0	0	0	0	0.02	0	0	0	0	0
AC193353.3_FG002	0.13	0	0.05	0.29	0	0	0.9	0.27	1.04	1.19	1.52	2.56	3.97	9.26	5.68	0	0	0	0	0	0	0	0	0	0.02	0	0.22	0	0.22	0.8	2.62	4.68	0	0.04	0.06	0	0.04	0.11	0	0	0	0	0.03	0	0.24	0	0.02	1.08	2.73	5.12	5.6	6.63	7.96	0.06	0	0	0	0	0	0	0.27	0.14	0.14	0	0	0.16	0.14	0.19	0.09	0.14	0.11	0	0	0.06	0	0.04	0.11	0
AC217358.3_FG011	51.38	54.3	59.91	54.21	74.41	71.17	70.38	91.95	82.27	76.85	93.98	96.08	95.15	128	133.75	63.97	73.51	58.88	55.77	63.09	64.18	84.43	61.99	54.04	53.57	53.45	55.72	57.26	62.1	64.57	54.34	53.66	67.48	56.82	58.49	56.53	70.05	64.03	69	66.81	57.15	81.14	73.25	68.88	88.01	57.11	65.72	65.75	65.95	87.36	89.83	103.2	105.81	13.78	11.33	11.1	8.73	8.35	11.23	13.68	28.72	26.74	26.34	28.67	8.18	24.81	19.07	24.81	24.84	21.5	31.38	28.69	25.25	20.05	25.63	27.49	21.26	14.7
AC232238.2_FG005	0.64	1.96	1.22	2.07	0.5	0.45	6.38	17.79	25	4.65	8.35	5.38	5.6	47.16	12.31	0	0	0	0.08	0.14	0.12	0	0.24	0.26	0	1.55	0.67	1.83	2.16	4.96	6.51	9.57	0	0	0	0	0	0	0	0.08	0.17	0.45	0.12	0.06	2.4	2.34	1.84	4.91	19.54	6.19	14.87	11.64	28.52	0	0	0	0	0	0	0	0	0	0	0	0	0	0	0.19	0.19	0	0	0	0	0	0	0	0	0
GRMZM2G001444	25.12	39.82	27.55	36.15	38.58	36.16	38.18	39.73	41.2	31.98	55.63	57.51	60.73	80.7	79.13	22.76	36.38	31.07	21.52	19.77	27.32	25.23	23.11	17.29	16.18	11.93	14.53	18.26	18.23	20.17	12.64	29.7	52.34	41.91	39.59	52.71	42.65	35.98	35.67	31.34	21.76	32.7	28.85	25.86	24.75	19.19	24.29	25.17	25.38	40.66	30.34	43.48	40.72	5.25	4.37	4.7	4.11	2.82	4.17	4.99	11.63	11.49	16.47	16.87	4.2	14.18	7.53	14.02	14.16	8.82	13.22	11.65	13.37	9.91	9.81	8.22	11.37	2.71
GRMZM2G046733	0.1	0.2	0.17	0	1.13	0	1.28	0.47	0.85	0.48	0.84	1.69	1.56	4.4	8.08	0	0	0	0	0	0	0	0.09	0	0.15	0.76	0.7	0	0.98	0.8	4.06	3.97	0	0	0	0.5	0	0.17	0	0.18	0	0.13	0.04	0	0.48	0.12	0.19	5.5	19	6.42	1.54	3.06	2.76	0.11	0.99	0	0.26	0.38	0.13	0.22	0	0	0	0	0	0	0	0	0	0	0	0.21	0	0	0	0.09	0	0
GRMZM2G080048	87.92	75.53	88.23	82.74	109.25	95.59	102.73	104.36	110.91	108.16	145	197.85	211.83	254.9	285.97	172.56	163.81	112.34	89.52	65.41	68.4	79.06	65.37	47.58	52.59	34.14	56.18	54.68	57.31	66.05	52.94	110.75	94.69	94.48	81.22	85.16	102.1	134.7	129.02	85.52	61.82	94.83	82.77	71.57	85.46	51.11	68.13	81.34	109.9	186.76	140.55	163.98	197.34	29.82	31.71	31.72	29.43	18.83	24.1	24.11	45.19	48.54	64.83	59.77	46.3	48.12	18.73	57.38	56.41	34.51	55.91	58.14	27.7	30.79	24.04	55.77	32.64	62.97
GRMZM2G087556	0	0	0	0.56	0	0	1.09	6.02	2.26	1.07	5.61	3.02	6.84	15.81	17.72	0	0	0	0.08	0	0.11	0.06	0	0	0	0.42	0.85	0.2	0.29	0.83	3.46	2.58	0	0.08	0	0.21	0	0.14	0.19	0.83	0.3	0.17	0.78	0.24	2.07	0.14	0.36	2.68	3.57	9.28	7.85	8.36	11.09	0.18	0	0	0	0.16	0.78	0.12	0	0	0.36	0.32	0.4	0	0	0	0	0	0.11	0	0	0	0	0	0	0
GRMZM2G097340	0	0	0.06	0.24	0.4	0.14	0.16	0	0.87	0.59	1.14	1.27	2.57	1.38	2.97	0	0	0	0	0	0	0	0	0	0.01	0	0	0.13	0.33	0.1	0.73	0.44	0	0	0	0	0	0	0	0.1	0	0.01	0.04	0.17	0	0.08	0	0.08	0.93	0.93	2.5	0.86	2.83	0.04	8.43	0	0	0	0	0	0	0	0	0	0	0	0	0	0	0	0	0	0	0	0	0	0	0
GRMZM2G101605	1.67	0	0	10.67	0	0	1.48	0.63	0.38	1	2.02	8.87	148.28	479.14	604.44	0	0.98	3.87	1.59	1.78	3.05	3.02	2.92	1.75	0.72	2.2	1.36	1.94	11.06	26.51	207.28	251.76	0.26	0.06	0	0.06	0.38	0.17	0.62	1.57	0.84	2.22	0.64	0.71	0	0.05	0.25	2.48	84.4	42.71	114.46	87.57	809.32	0	0.2	0	0	0	0.09	0.1	0	0.21	0	0	0.16	0.25	0.07	0	0.07	0	0.09	0	0.28	0	0.9	0.13	0	0
GRMZM2G127087	1.01	2.57	1.11	0.96	0.82	1.23	0.87	1.21	1.24	0.43	2.35	3.31	2.51	46.99	5.77	0.11	0.13	0	0.1	0	0	0	0	0	0.18	4.86	0.12	0.05	0.56	2.51	2.54	14.33	0	0.07	0	0	0.07	0.2	0	0.24	0.11	0.78	1.12	0.49	0.21	1.08	6.18	5.34	7.21	160.44	15.93	129.32	212.93	0.07	1.49	0	0	0	0	0.09	0	0	0	0	1.35	0	0	0	0	0	0.23	0.32	0.03	1.11	0	0.04	0.03	0.04
GRMZM2G138407	46.87	51.43	65.08	62.34	41.61	59.98	67.99	50.7	73.68	77.39	85.13	104.47	125.64	161.24	162.79	51.51	57.91	65.69	41.93	27.19	25.95	22.96	32.42	23.66	22.46	15.84	19.94	14.32	18.83	22.75	44.31	89.03	45.61	44.28	34.64	38.63	41.29	55.81	62.71	61.88	43.37	49.92	36.32	39.61	34.07	26.77	32.85	31.08	58.11	87.44	74.07	59.7	107.68	16.82	19.14	23.76	11.69	3.85	6.51	6.11	19.24	19.93	29.86	19.81	6.98	19.77	10.53	15.38	16.35	10	40.3	36.06	17.08	18.5	17.63	24.71	31.64	18.23
GRMZM2G139822	41.13	51.16	75.09	56.73	50.91	67.75	60.27	79.94	71.56	57.62	91.91	108.01	97	153.07	136.54	12.45	13.73	13.35	13.49	11.14	17	16.83	14.29	11.95	12.73	10.13	13.64	12.61	18.35	31.52	46.37	79.16	90.59	57.52	53.36	55.38	50.57	28.9	21.69	19.19	18.19	23.85	25.12	24.4	22.4	23.07	26.2	39.1	58.67	120.01	95.37	110.16	143.02	22.75	25.39	15.7	18.22	15.5	16.91	15.67	22.05	20.63	31.04	28.96	3.9	26.62	19.03	23.66	25.73	19.91	19.72	17.44	30	25.21	38.85	19.28	35.7	13.84
GRMZM2G147961	18.45	19.32	26.13	21.22	24.54	32.41	25.17	29.36	29.87	23.19	31.29	34.36	37.2	42.08	38.63	11.35	15.64	13.47	9.44	8.11	8.76	8.29	7.63	5.81	6.93	5.33	7.43	7.19	10	13.84	14.8	24.44	27	29.87	26.41	32.14	29.35	23.88	16.23	14.42	11.92	14.78	14.53	11.96	14.34	11.68	13.3	17.86	21.92	28.14	27.11	33.46	31.37	4.72	3.46	2.18	6.6	6.44	5.48	9.13	6.1	5.64	8.31	7.95	2.73	7.13	4.65	8.26	8.73	7.48	11.61	9.48	8.4	8.54	11.22	5.56	9.86	3.5
GRMZM2G149326	0.28	0	0	0.03	0.1	0	0.07	0	0.46	0.35	0.26	0.33	1.17	2.25	2.04	0.04	0	0	0	0	0	0	0	0	0	0	0	0	0.03	0.18	0.95	1.05	0.07	0.07	0.11	0	0	0	0	0	0	0	0.05	0	0	0.03	0	0.18	0.96	1.16	1.75	1.37	4.1	0.31	0	0.03	0.03	0	0.02	0.08	0.11	0.15	0	0.02	0.04	0.02	0.06	0	0	0	0.12	0.13	0.03	0.08	0	0	0.05	0
GRMZM2G161521	1.43	1.76	1.07	2.51	0.65	1.58	10.5	9.98	26.08	30.62	37.46	46.86	109.51	96.6	101.25	0	0	0.04	0	0	0.04	0.04	0	0.58	0.31	4.37	4.75	1.62	4.01	6.67	9.19	11.44	0	0.16	0	0	0	0.05	0	0	0.11	0	0.27	0.31	4.33	0.78	4.47	24.37	84.47	66.84	83.83	61.74	69.82	0.16	2.52	0	0	0	0	0	0	0	0	0	0	0.07	0.06	0.06	0	0.12	0	0.08	0	0.16	1.32	0	0.1	0
GRMZM2G164486	0	0	0.36	0.43	3.47	5.51	6.99	10.51	4.13	3.73	11.89	24.93	13.67	31.6	17.94	0	0	0	0	0	0	0.17	0	0.15	0.36	0	0	0	0.26	1.7	0.21	4.1	0.29	0	0	0	0	0	0	0	0	0.08	1.44	1.12	0	0.32	0.99	3.52	11.25	37.91	10.63	17.59	26.92	0	0	0	0	0	0	0	0.31	0.49	0	0	0	0	0	0	0	0	0	0	0	0	0	0	0	0
GRMZM2G169535	7.71	0	0	31.33	0.21	0	10.27	18.51	71.24	127.55	194.57	294.97	577.28	1522.04	852.94	0	0.12	0	0	0	0.2	0.08	0.76	0.23	0.26	13.65	102.61	65.04	251.61	255.17	734.21	796.53	0	0.14	0.11	0.25	0.07	0	0	0	0	0.04	0.59	0.8	4.83	5.73	8.13	147.35	594.22	498.89	431.18	430.49	831.23	0.05	0.38	0	0	0	0	0	0	0	0	0	0	0	0	0	0	0	0	0	0.31	0	1.42	0	0	0
GRMZM2G171707	13.78	27.31	42.65	54.8	57.23	74.95	70.79	85.7	87.74	75.3	131.36	150.54	137.61	248.05	181.58	1.74	2.49	2.16	0.76	1.02	1.64	1.47	2.12	3.14	5.22	4.09	16.15	10.06	41.89	54.81	105.37	146.01	0.55	0.36	0.17	0.09	0.21	0.86	2.27	1.95	2.29	3.9	5.94	11.9	14.39	15.21	20.72	77.27	123.19	167.24	139.79	211.72	150.5	0.09	1.22	0.19	0.02	0	0.02	0.02	0.11	0.09	1.69	1.97	0.11	1.7	0.78	1.14	1.21	0.72	0.09	0.13	3.13	0.86	0.51	0.03	0.49	0
GRMZM2G174441	1.38	1.26	0.26	2.43	3.14	1.14	11.44	6.99	26.03	11.05	17.89	30.75	36.72	79.72	79.85	0.24	0.29	0	0.06	0.03	0.3	0.23	0	0.45	0.7	0.67	1.74	1.39	4.48	6.87	20.49	32.7	1.36	1.52	2.07	0.88	0.08	0.6	0.2	0.28	0.12	0.39	0.35	1.03	2.91	1.63	1.6	7.36	22.86	64.58	32.63	32.26	55.7	0.06	0	0.06	0.69	0	0	0.2	0.36	0.28	0.05	0.06	0	0.33	0.09	0.14	0.05	0.09	0	0	0.25	0.12	0.06	0	0.08	0
GRMZM2G305238	0	0	0	0.12	0	0	0	0	0.19	0.17	0.5	0.52	1.2	1.28	2.67	0	0	0	0	0	0	0	0	0	0	0	0	0	0	0.08	0.36	0.16	0	0	0	0	0	0	0	0	0	0	0	0	0	0	0	0.26	0.68	0.9	2.42	0.76	0.99	0	0	0	0	0	0	0	0	0	0	0	0	0	0	0	0	0	0	0	0	0	0	0	0	0
GRMZM2G339117	0.26	0	0	0.06	0	0.33	0.5	1	2.35	0.27	1.39	2.77	3.66	6.41	4.32	0	0	0	0	0	0	0	0	0	0	0	0.57	0	0.27	0.79	1.23	3.68	3.01	2.06	3.16	2.42	0	0	0	0.23	0	0	0.09	0	0	0.27	0.07	0.64	3.81	1.96	4.77	2.85	6.46	0	0	0	0	0	0	0.09	0	0	0	0	0	0	0	0	0	0	0	0	0	0	0	0	0.6	0
GRMZM2G360494	3.31	1.96	3.07	2.57	0.97	2.88	2.75	2.84	2.24	2.58	3.64	4.21	4.23	4.71	5.62	1.28	2.06	2.34	2.49	2.21	3.51	2.47	1.78	1.93	2.84	1.56	3.09	1.6	1.98	3	1.42	1.09	2.71	2.41	2.75	3.04	2.02	1.28	2.6	2.22	2.18	1.89	2.45	2.51	0.94	1.8	1.61	3.02	2.4	3.56	3.25	4.73	2.25	0.02	0.03	0	0.06	0	0	0	0.18	0.11	0.11	0.04	0	0.17	0.14	0.19	0.22	0.11	0.09	0	0.05	0.05	0	0.03	0.06	0
GRMZM2G453494	0	0	0	0	0	0.3	0.42	0.41	1.25	0.28	1.98	2.65	4.7	1.37	4.31	0	0	0	0	0.03	0	0	0	0	0	0	0.11	0.07	0.07	0.11	0	0	0	0	0	0	0	0	0	0.04	0	0	0.04	0.06	0.72	0.07	0.28	0.4	0.66	0.45	3.7	0.28	0.76	0	0	0	0	0	0	0	0	0	0	0	0	0	0	0	0	0	0	0	0	0	0	0	0	0
GRMZM2G464212	0	0	0.11	0.09	0	0	0.08	0	0	0	0.08	0.29	0	2.1	0	0	0	0	0	0	0	0.07	0	0	0	0	0	0.07	0.15	0	0	0	0.26	0.26	0	0	0.08	0	0	0	0	0	0	0	0	0	0	0	0.1	0	0.48	0	0	0	0	0	0	0	0	0	0	0	0	0	0	0	0	0	0	0.05	0	0	0	0	0	0	0	0
GRMZM2G483598	0.37	0	0.17	0.71	0.41	0.37	6.19	2.24	3.52	5.03	4.12	13.15	21.13	50.87	56.95	0.16	0	1.1	0.32	0.42	0.14	0.79	0.5	0.65	0.57	0.73	0.73	1.53	6.26	10.4	21.01	29.2	0.42	0.51	0.21	0.32	0	0.24	0.87	0.84	0.86	0.89	0.76	0.81	3	0.56	0.87	3.99	14	29.03	28.28	17.72	79.1	7.23	0.05	0.16	2.55	0.27	0.05	0.48	0.26	0.53	0.15	0	0	0.04	0.08	0.04	0	0.15	0.23	0.15	0.05	0.1	0.34	0	0.06	0
GRMZM2G700923	0.15	0	0	0.07	0	0.13	0.42	0.8	1.15	2.88	1.9	3.65	1.39	5.7	9.05	0	0	0	0	0	0	0	0	0	0	0	0	0	0	0	0	0	0	0	0	0	0	0	0	0	0	0.04	0	0	0	0.15	0.16	0.22	1.69	5.81	6.37	6.18	7.09	0	0	0	0	0	0	0	0	0.08	0	0	0	0	0	0	0	0	0	0	0	0	0	0	0	0
GRMZM5G818232	0.71	0	0.32	0.13	1.95	0.24	1.51	0.21	1.76	0.87	0.46	1.16	0.45	1.69	1.67	0.75	0.45	0.18	0.34	0.43	0.18	0.64	0.25	0.28	0.42	0	0	0.22	0.23	0.34	1.13	0	0	0	0	0	0	0	0.32	1.11	0.36	0.57	0.93	1.33	0	0.11	0.37	0	1.26	0.23	2.02	0.35	1.74	0	0	0	0	0	0	0	0.28	0.29	0	0	0	0	0	0	0	0	0	0	0	0	0	0	0	0
GRMZM5G827575	30.25	37.36	30.19	33.45	29.4	28.25	37.46	40.71	40	46.82	42.49	43.93	59.04	59.28	69.33	31.14	33.33	19.34	17.24	12.72	12.91	11.1	11.5	8.78	9.61	6.46	10.33	10.75	15.71	19.22	23.02	42.79	49.35	38.84	41.02	53.26	67.46	50.03	27.73	27.83	19.32	19.67	17.24	13.77	16.72	13.92	17.49	19.57	23.81	39.23	34.52	32.8	35.77	7.75	8.52	9.3	6.22	7.93	9.14	6.96	9.3	7.7	17.66	14.59	5.73	13.08	9.17	14.53	14.79	10.39	17.52	14.23	9.23	9.26	42.75	15.02	17.86	11.46
GRMZM2G141834	0.03	0.72	0.04	1.11	1	1.57	0.25	0.06	0.18	0.11	2.73	0.37	0.35	0.07	0.13	0.07	0	0.07	0	0.02	0.06	0.08	0	0.03	0	0	0.06	0.13	0.17	0.09	0.1	0.3	0.06	0.07	0	0.39	0	0.04	0	0.05	0	0.12	0.14	0.08	0.86	0.07	0.13	0.09	0.13	2.32	0.22	0.16	0.07	0.03	0.02	0	0	0	0	0	0.05	0.01	0.03	0.05	0	0.02	0.03	0.04	0.05	0.17	0.1	0.03	0	0.02	0	0.01	0.04	0.01
GRMZM2G545336	0.59	0.15	1.62	0.46	1.39	0.97	0.48	2.18	0.67	0.64	0.82	0.8	0.3	1.11	0.5	0.21	0.12	0.25	0.16	0.24	0.23	0.45	0.1	0.08	0.03	0	0.05	0.21	0	0.14	0	0.3	1.16	2.69	1.81	1.47	1.84	0.64	0.56	0.03	0.19	0.46	0.42	0.34	1.7	0.17	0.35	0.3	0.39	0.42	0.3	0.14	0.48	0	0	0	0	0	0	0	0	0	0	0	0	0	0	0.02	0	0	0	0	0	0	0	0.09	0	0
GRMZM2G155816	3.17	4.42	4.25	1.84	2.14	3.67	3.01	1.26	0.93	0.37	1.56	2.88	2.75	3.68	7.6	0	0	0	0	0	0	0	0	0	0	0	0.26	0	0	0	0	0	0	0	0	0.04	0	0	0	0.09	0.12	0.08	0.11	0.05	0.07	0.18	0.35	0.71	1.88	2.77	3.54	1.42	1.94	0.05	0.37	0	0	0	0	0	0	0	0	0	0	0	0	0	0	0	0	0	0	0	0.54	0	0	0
GRMZM2G506602	4.23	1.45	1.03	2.52	0	2.13	1.96	2.49	0.5	3.2	1.63	2.62	1.73	6.55	1.43	0.78	1.44	0.94	0.5	0.74	0.59	1.01	1.48	1.96	0.82	0.45	1.35	0.85	0.3	2.18	0.49	1.06	2.22	5.65	2.84	2.37	2.32	1.81	3.66	2.23	0.54	2.43	1.63	3.59	6.55	0.58	2.96	4.43	2.24	4.07	5.92	6.34	5.1	0	0	0	0	0	0	0	0.09	0	0	0	0	0	0	0	0	0	0	0	0	0	0	0	0	0
GRMZM2G123544	86.05	107.95	144.26	99.61	70.32	79.1	79.83	81.33	68.46	60.47	92.31	117.24	92.91	123.04	101.41	2.61	2.49	2.85	3.45	4.21	4.84	5.08	5.47	4.67	7.62	9.98	11.39	9.94	16.54	20.48	15.11	10.52	10.5	9.07	8.34	7.25	5.95	3.43	4.54	9.09	8.36	11.92	14.27	15.69	13.97	16.31	20.78	49.76	91.06	131.21	139.52	115.92	133.6	4.27	6.21	2.43	1.7	2.01	0.53	1.04	3.61	3.29	4.42	3.89	0.8	5.16	4.56	6.19	5.71	5.41	2.29	2.59	8.68	5.8	4.91	11.52	9.82	12.41
GRMZM5G826577	7.6	0.4	11.72	5.06	0.56	1.69	4.48	1.24	0.28	1.05	11.41	5.23	5.8	9.75	11.8	0	0	3.15	0.84	1.65	0.26	0	0.37	0	0.77	0	0	0	0	0	0.27	0	5.52	3.57	1.73	0.17	0	0	4.09	3.73	0.65	0.87	1.51	1.63	5.95	0.24	1.49	2.18	2.05	5.89	0.53	5.05	3.87	0	0	0	0	0	0	0	0	0	0	0	0	0	0	0	0	0	0	0	0	0	0	0	0	0
GRMZM2G070575	0	0.15	0.02	0.12	0.99	1.18	0.68	0.78	0.37	1.21	1.53	3.33	1.54	0.53	0.74	0	0	0.02	0	0.02	0.05	0	0	0.06	0.06	0.04	0.06	0.09	0	0.09	0.16	0.15	0	0	0	0	0.01	0.02	0	0	0	0	0.23	0.21	0.04	0.08	0.34	0.2	0.24	0.47	0.55	0.21	0.13	0.01	0	0.02	0	0.01	0	0.02	0	0.02	0	0	0.17	0	0	0	0	0	0	0.02	0	0	0.02	0.01	0	0
GRMZM2G131784	0.94	0.85	1.86	0.72	1.97	2.09	1.48	2.61	0.79	2.07	2.38	3.5	1.25	2.37	1.69	2.75	2.09	1.08	0.64	0.52	0.37	0.59	0.29	0.52	0.56	0.26	0.53	0.2	0.38	0	0.19	0.41	0.77	2.51	2.13	1.86	0.59	1.06	1	0.5	0.54	0.98	0.96	1.01	0.67	0.68	0.28	0.73	0.72	1.95	1.02	1.33	0.8	0.05	0.03	0	0	0	0	0	0.07	0	0.04	0.04	0.17	0	0	0.08	0.04	0.04	0	0	0	0	0	0	0	0
GRMZM2G104074	10.22	8.93	10.18	7.34	7.19	4.78	3.18	2.57	1.98	3.97	3.03	3.31	2.96	3.54	2.59	0	0.09	0	0	0	0.06	0	0	0	0	0	0	0.04	0	0	0	0.11	0	0	0	0	0	0.07	0.06	0.03	0.21	0.53	0.61	0.59	0.61	0.51	0.17	0.84	1.86	1.45	1.71	1.75	2.09	0.02	0.33	0	0	0	0	0	0	0	0	0	0	0.03	0	0.12	0.15	0.2	0	0	0	0	0	0	0	0
GRMZM2G030139	79.18	91.81	81.81	59.2	39.81	33.59	17.81	18.3	12.69	10.44	13.5	13.37	10	9.63	11.08	10.73	10.28	3.33	2.7	2.91	1.85	2.63	2.25	1.82	3.05	5.39	6.14	4.73	7.06	8.36	9.56	9.41	13.6	10.34	13.27	11.56	15.89	11.33	6.16	6.72	5.87	7.55	6.07	6.64	6.43	5.09	7.01	9.08	12.15	14	12.2	13.21	11.87	12.31	4.41	3.85	12.03	12.62	7.83	15.47	8.66	8.34	8.87	9.98	2.3	8.11	4.28	6.58	7.16	6.93	8.02	8.8	7.86	8.84	3.62	4.86	8.2	1.03
GRMZM2G094705	22.94	19.42	21.37	20.23	16.81	12.86	12.23	14.83	13.35	9.98	14.61	13.44	20.22	14.23	17.85	9.45	8.96	8.14	4.78	4.51	8.35	6.72	7.17	5.6	5.69	3.97	5.57	4.46	6.43	7.56	7.19	13.17	9.43	6.29	7.74	6.08	8.25	11.13	9.16	6.61	4.27	6.63	6.99	7.56	7.27	5.94	7.97	8.99	9.34	15.44	11.86	17.25	15.63	0.95	1.78	0.99	0.46	0.85	1.26	1.94	1.64	1.64	4.26	4.47	1.06	2.78	1.56	1.9	2.46	1.46	7.81	5.23	2.56	2.2	1.36	3.2	2.28	2.31
GRMZM2G472234	56.44	36.78	42.69	25.37	13.63	16.59	14.47	15.12	7.85	11.65	8.53	8.99	10	7.78	6.29	0.09	0.09	0.06	0.01	0	0.08	0.06	0.03	0.38	0.17	0	0.22	0.28	0.56	0.78	1.59	1.26	0	0.05	0.08	0.02	0	0.25	1.26	1.22	1.08	1.65	2.43	1.63	0.83	1.64	1.31	3	6.23	5.28	12.79	7.11	8.15	0	0	0	0	0	0	0	0	0	0.06	0	0.21	0.04	0	0	0	0	0	0	0	0	0.12	0	0	0
GRMZM5G812170	1.48	4.76	18.72	8.14	4.35	3.51	0.91	0.53	0.08	1.93	3.09	2.77	2.38	3.02	0.35	0	0	0.08	0.05	0	0	0.2	0	0	0.07	0.29	0.22	0.41	0	1.33	0.08	0	0	0	0	0	0	0	0	0.2	0.05	0.69	0.98	0.66	0.78	1.18	1.38	2.62	10.4	1.94	6.16	1.45	0.07	0.04	0.04	0	0	0	0	0.08	0	0	0	0	0	0	0.06	0	0	0	0	0	0	0.16	0	0	0	0
GRMZM5G852502	889.94	1165.72	1280.57	1075.81	604.96	575.56	379.57	265.9	194.6	333.61	291.06	209.24	125.04	87.58	97.58	121.09	100.25	127.42	162.36	130.15	115	122.29	120.25	128.86	169.24	135.91	161.41	130.55	123.64	143.05	74.78	28.59	32.33	30.68	28.42	25.65	27.7	80.67	156.93	160.66	174.53	182.85	208.39	192.88	135.09	148.86	188.99	154.45	92.86	69.75	104.6	128.11	77.38	77.22	17.18	55.62	116.87	183.03	228.69	147.96	41.79	44.07	30.16	31.3	6.43	30.58	27.03	31.5	33.13	27.45	27.49	31.38	21.48	20.61	10.01	22.8	26.26	7.13
GRMZM2G005622	27.84	41	30.26	13.11	22.07	16.15	21.91	20.96	10.03	18.62	10.05	12.1	9.31	9.62	8.36	15.02	13.8	19.19	20.78	18.57	10.53	16.63	12.59	12.32	10.7	11.05	10.81	10.7	12.61	10.99	12	12.01	32.55	26.89	25.5	21.46	14.32	14.56	18.3	23.22	19.83	19.38	14.3	12.92	19.02	11.12	14.68	13.1	10.26	11.41	9.81	11.18	9.95	11.06	9.48	12.87	10.01	12.57	10.38	8.72	13.57	13.43	17.02	17.39	6.01	14.19	11.97	19.39	17.16	17.77	10.06	8.48	13.02	13.42	12.14	15.75	18.29	13.7
GRMZM2G011025	0.49	114.75	10.53	0.52	1.77	0.4	0.29	0	0	0	0	0	0.05	0.15	0	0	0	0	0.04	0	0	0	0	0	0	0	0.6	0	0.53	2.12	2.8	2.1	0	0	0	0.07	0	0	0.09	2.53	0.82	0.36	0	0.16	1.07	0.06	0	1.09	0.63	0.4	2.4	0.9	0.81	0	0	0.11	0	0	0	0	0	0	0	0	0	0	0	0	0	0	0.2	0.11	0	0	0	0	0.07	0.07
GRMZM2G013299	0	63.81	15.07	2.42	3.98	5.18	0.83	0.08	0	0.44	0	0	0.14	0	0	0	0	0	0.1	0	0.07	0	0	0	0	0.13	0.13	0	0.09	0	0	0.62	0.3	0.1	0.08	0	0	0	0	1.68	0.66	0.47	0.17	1.04	0	0.26	0	0.63	0.54	0.53	2.02	0.73	0.24	0	0.04	0	0	0	0	0	0	0	0	0	0.12	0	0	0	0	0	0	0	0	0	0	0.1	0	0
GRMZM2G025133	1.2	2.21	0.17	0.75	0.2	0.25	0.03	0.45	0.1	0	0	0.31	0.09	0.34	0.37	1.19	0.35	0	0	0	0	0	0	0	0	0	0	0	0	0	0	0	0	0.14	0	0.37	0.34	0.12	0.33	0.13	0	0	0	0	0	0.12	0	0	0.17	0.06	0	0	0	0	0	0	0	0	0.1	0	0	0	0	0	0	0	0	0	0	0	0	0	0	0	0	0	0	0
GRMZM2G055549	1.37	23.32	13.15	17.88	7.25	3.32	2.34	1.82	2.81	4.16	0.88	0	0.23	1.51	0.47	0	0	0	0.11	0.06	0	0	0	0.04	0.06	0	0.1	0.06	0	0	0	0	0	0	0	0	0	0	0	0.14	0.74	0.54	0.89	1.04	0.96	0.76	0.29	0.16	0	0.1	0.05	0.3	0.54	0	0	0	0	0	0	0	0	0	0	0	0.37	0	0	0	0	0	0	0	0	0	0	0	0	0
GRMZM2G067485	33.11	66.42	24.82	35.05	19.2	21.98	10.5	6.63	6.37	10.46	0.9	0.52	0.32	0	0	0	0	0	0.08	0	0	0.1	0	0.39	0.02	0	0	0	0	0	0	0	0	0	0	0	0	0	1.01	2.94	2.18	1.79	1.68	2.73	1.47	1.73	1.13	0.59	0.11	0.21	0.46	0	0.22	0	0	0	0	0	0	0.44	0.2	0.21	0	0.06	0	0	0	0.05	0	0.05	0	0	0	0	0	0	0	0
GRMZM2G154209	2.35	10.1	5.69	3.05	3.72	5.73	9.45	2.61	1.27	6.21	5.19	5.37	0.93	1.13	1.57	0.07	0.39	0	0	0	0	0	0	0	0	0	0.15	0	0	0	0	0	0	0	0	0	0	0.1	0	0.21	0.17	0.51	0.08	0.25	7.43	0.84	0.39	1.25	0.41	0.25	2.07	0.31	0.34	0	1.4	0	0	0	0	0	0	0	0	0	0.86	0	0	0	0	0	0	0	0	0	0	0	0	0.05
GRMZM2G171423	17.86	56.65	19.72	4.42	14.46	4.4	21.13	5.79	4.49	18.35	1.99	2.08	4.9	5.99	7.44	5.5	4.97	7.61	3.97	1.23	0.78	1.51	1.22	3.83	1.31	2.49	2.56	1.15	3.68	4.21	5.49	11.28	14.15	13.83	13.18	14.04	3.52	2.49	8.39	7.57	3.78	4.69	3.15	3.65	5.39	3.14	1.4	2.1	5.69	3.16	6.55	5	7.96	6.26	2.33	7.01	2.83	9.07	15.51	7.22	3.88	3.71	3.97	2.66	2.6	3.19	2.81	6.76	7.57	7.94	6.72	7.78	9.06	5.94	2.69	6.64	12.24	1.26
GRMZM2G475536	6.19	96.25	32.96	2.23	7.17	2.96	3.34	1.72	0.34	0.67	0.14	0.11	0.2	0.18	0.15	0	2.81	3.88	5.24	0.42	0	0	0	0.07	0	0	0.33	0.19	0.48	0.16	0.12	0.09	5.93	7.38	8.89	5.81	1.03	1.75	8.07	8.47	2.72	1.32	0.89	1.23	0.18	0.32	0.34	1.17	3.28	1.49	3.84	1.05	1.32	0.06	0.02	0	0	0.02	0.03	0	0.02	0.14	0.51	0.22	0	0.05	0.02	0.28	0.23	0.36	0	0	0.27	0.21	0.06	0.12	1.35	0.06
GRMZM2G478599	2.2	2.81	2.34	0.2	0.15	0.09	0	0	0.08	0	0	0	0	0	0	0.03	0	0	0.05	0	0	0	0	0	0	0	0	0	0	0	0	0	0	0	0	0	0	0.05	0.21	0.69	0.5	0	0	0.04	0	0	0.07	0	0	0	0	0	0	0	0	0	0	0	0	0	0	0	0	0	0	0	0	0	0	0	0	0	0	0.04	0	0	0	0
GRMZM5G844030	0.64	2.31	0.27	0.22	0.65	1.88	0.63	0.22	0.08	0.79	0.12	0.3	0.21	0.25	0.18	0.12	0.52	0.35	0.2	0.04	0.05	0.05	0	0	0	0	0.04	0	0.12	0.31	0.1	0.28	1.55	0.72	1.01	8.44	0.73	0.24	0.73	0.05	0.06	0.08	0.08	0.12	0.24	0.09	0.18	0.11	0.24	0.21	0.73	0.41	0.26	0	0.01	0.05	0	0	0.05	0	0.05	0.02	0.04	0.04	0.72	0.13	0.04	0.04	0.11	0.15	0.02	0	0	0.02	0	0	0.02	0
GRMZM5G852325	0	1.98	0.56	0	1.38	0	0.77	0	0.46	1.03	0	0.34	0.32	0.46	0	0	0	0	0.88	0	0	0.34	0	0	0	0	0	0	0	0	0	0	0	0.92	0	6.58	0	0	1.11	0	0.31	0	0.15	0.53	0	0	0.43	0.32	0	0	0	0	0	0	0	0	0	0.15	0	0.48	0	0	0	0	0	0	0	0	0	0	0	0	0	0	0	0	0	0
GRMZM2G174834	87.54	210.12	153.46	127.89	71.25	78.26	28.92	16.83	5.5	12.16	7.62	3.56	2.71	0.67	1.95	29.82	12.97	4.05	5.07	3.79	1.23	1.9	0.82	1.4	1.19	3.69	0.65	1.42	0.53	0.63	0.33	0.55	0.32	4.67	7.22	6.93	4.83	3.82	18.04	7.2	7.35	11.9	7.76	12.04	6.93	6.42	19.72	8.06	2.87	2.09	1.98	0.9	2.37	0.93	5.38	1.02	1.84	0.42	0	0.3	0.5	0.49	0.14	0.11	0.48	0.52	0.68	0.12	0.19	0.19	1.83	1.49	0.49	0.31	0.21	0.44	0.23	0.22
GRMZM2G133398	58.47	50.37	38.33	50.1	45.52	31.64	36.45	28.9	30.34	34.11	19.38	18.65	23.68	26.22	25.6	2.9	1.8	0.86	0.51	0.16	0.27	1.18	0.59	1.27	1.08	2	3.2	2.15	7.78	9.66	20.07	35.8	0	0.01	0	0.06	0.43	1.34	2.05	2.62	2.73	4.04	6.09	8.15	6.77	5.01	4.58	6.66	26.14	22.34	27.16	19.61	40.12	0	0.02	0	0	0	0	0.02	0	0	0.05	0.02	0.14	0.05	0.05	0	0	0	0.67	0.16	0	0	0.08	0.01	0	0.05
GRMZM2G162481	26.36	35.91	37.54	37.73	32.55	24.44	15.44	7.61	4.31	9.74	7.38	5.71	3.65	2.68	3.6	0	0.03	0	0.02	0	0.04	0.14	0.02	0.56	0.28	0.05	0.4	0.07	0.16	0.38	0	0.56	0.28	0	0.06	0.07	0	0.25	0.22	0.94	1.01	2.77	4.55	4.31	3.05	2.49	2.82	3.17	2.44	3.08	1.67	0.74	1.48	0	0.15	0	0	0	0	0	0	0	0.07	0.08	0.05	0.05	0.02	0.02	0	0	0.08	0.06	0.09	0.15	0.06	0	0.05	0
GRMZM2G314064	32.93	95.6	89.91	85.8	62.19	46.22	51.79	35.11	35.09	57.74	51.6	35.25	26.12	32.29	31.04	0	0.08	0.07	0.15	0	0.45	0.08	0.19	0.68	1.13	0.13	2.72	0.42	0.58	1.48	1.37	1.61	0	0.05	0.08	0.11	0	0.04	0.87	1.34	2.45	5.01	7.17	7.11	6.64	7.04	12.18	22.99	25.96	22.83	13.75	12.94	9.64	0.22	1.37	0.04	0.05	0.02	0	0	0	0	0.17	0.03	0.19	0.03	0.03	0.03	0	0.03	0.07	0	0	0	0.11	0	0.02	0
GRMZM2G308034	3.42	5	6.45	8.71	3.47	2.25	0.87	0.3	0.18	0.27	0.16	0	0.13	0	0	0	0.14	0	0.04	0	0	0	0	0.09	0	0	0	0	0.02	0.03	0	0	0	0.02	0	0.04	0	0	0.05	0.02	0.22	0.18	0.4	0.41	0	0.09	0	0.09	0.1	0.13	0.2	0	0.05	0.05	0.03	0.22	0	0	0	0	0.09	0.41	0.02	0	0	0	0	0	0.05	0	0.14	0.09	0	0.03	0	0	0.11	0.04
GRMZM2G093595	18.34	30.83	16.26	25.32	15.11	8.18	4.86	1.81	3.91	5.35	4.21	2.42	2.34	1.99	1.65	0.13	0	0.08	0.05	0.02	0	0.19	0.05	0.15	0	0	0.15	0.02	0.08	0.18	0	0	0	0	0	0.05	0	0.1	0.1	0.27	0.54	1.59	1.61	1.52	0.24	0.67	0.42	0.44	2.25	0.73	1.27	0.68	0.75	0	0	0	0	0	0	0	0	0	0	0.04	0	0	0.06	0.03	0.03	0.03	0.08	0	0.08	0	0.04	0	0	0
GRMZM2G088413	7.4	9.72	12.27	15.34	11.45	8.04	6.37	6.07	4.17	3.84	5.13	1.61	3.66	5.1	2.81	0.29	0	0.15	0.04	0	0.2	0	0	0.31	0.16	0	0.1	0	0	0	0	0	0.26	0.47	1	0.7	0	0.13	0.7	0.07	0.4	0.74	0.98	1.11	1.04	0.82	1.62	1.6	0.53	1.56	0.82	1.9	2.89	0.08	0.25	0.17	0.07	0	0.1	0.06	0.27	0.2	0.2	0.14	0	0.23	0.12	0.33	0.36	0.4	0.34	0.26	0.37	0.53	0.1	0.07	0.33	0
GRMZM2G175955	3.07	2.23	1.64	3.53	2.45	1.01	0.2	0.14	0.32	0.29	0	0.05	0.03	0.17	0	0	0.15	0.06	0.04	0	0	0.13	0	0	0	0	0	0.22	0	0	0	0	0	0	0	0.04	0	0	0.05	0	0.11	0.11	0.2	0.27	0.12	0	0.07	0	0	0.08	0.12	0	0	0	0	0.07	0	0	0	0	0	0.05	0	0	0.11	0	0.05	0	0	0	0	0	0	0.06	0	0	0.04	0
AC187217.4_FG004	3.3	2.88	3.69	9.02	6	0.6	0.26	0.55	0.5	0.37	0.88	0.75	0.46	0	0	0	0	0	0	0	0	0	0	0	0.27	0	0	0	0	0	0	0	0	0	0	0	0	0	0	0	0.29	0.18	0.16	0.57	0	0	0	0	0	0	0	0	0	0	0.26	0	0	0	0	0	0	0	0	0	0	0	0	0	0	0	0	0	0	0	0	0	0	0
AC200057.4_FG006	0.1	0	0.51	2.58	0.83	1.42	0.62	0.23	0	0	0	0	0	0	0	0	0	0	0	0	0	0.04	0	0	0	0	0	0	0	0	0	0	0	0	0	0	0	0	0	0	0	0.3	0.07	0.2	1.07	0.16	0	0	0	0	0	0	0	0	0	0.07	0	0	0	0	0	0	0.1	0	0	0	0.05	0.26	0.16	0.15	0	0	0	0.07	0	0	0	0
GRMZM2G010745	18.21	23.94	29.2	26.85	29.86	17.76	10.47	6.95	4.86	6.63	5.93	8.33	8.22	7.29	7.06	4.64	6	4.69	1.7	1.19	1.93	2.17	3.3	1.16	1.22	0.84	1.55	1	1.3	1.97	1.74	5.43	8.18	8.06	5.25	3.39	2.46	4.24	3.27	2.3	1.72	4.64	3.94	3.75	1.92	1.68	1.6	1.91	3.91	6.99	4.96	4.86	5.91	0.96	0.54	1.25	1.04	1.69	2.24	1.79	3.24	3.42	1.14	1.66	0.59	1.29	0.84	1.38	1.39	1.67	7.69	5.36	2.26	2.67	2.73	2.31	5.07	1.5
GRMZM2G038922	22.6	26.61	23.85	22.97	17.1	18.75	13.31	9.53	9.5	11.31	7.36	8.79	8.81	9.81	7.38	5.22	5.17	3.63	1.89	1.78	1.63	1.47	1.15	1.88	1.52	1.71	1.38	1.21	2.78	4	5.73	7.21	4.93	5.7	5.94	4	5.12	4.3	4.58	2.66	3.14	3.78	4.5	4.51	2.71	3.02	2.72	3.69	4.73	9.45	7.37	6.68	6.47	8.06	2.39	6.84	15.09	7.21	6.9	7.46	5.82	6.61	4.13	4.08	2.92	4.11	3.03	4.55	4.63	3.51	5.94	4.98	5.68	5.33	3.32	5.23	7.13	3.61
GRMZM2G055641	1.34	3.43	2.21	3.97	1.35	1.26	0.43	0.27	0.55	0.69	0.07	0.37	0.62	0	0	0.14	0	0.03	0.02	0.12	0.09	0.22	0	0.09	0	0	0	0	0	0	0.12	0	0	0	0	0	0	0	0	0	0.17	0.23	0.5	0.35	0	0.07	0	0.13	0.4	0.07	0.23	0	1.09	0	0.32	0	0	0	0	0	0	0	0	0	0	0	0	0	0.05	0.05	0	0	0	0.06	0	0	0.07	0
GRMZM2G057173	1.91	10.29	10.36	32.39	10.56	9.54	2.17	0.81	0.74	2.05	2.68	0.15	0.06	0.13	0	0	0	0	0	0	0	0	0	0	0	0	0.3	0.04	0	0	0	0	0	0	0	0	0	0	0	0.17	0.54	1.73	1.93	1.62	0.19	0.64	1.24	0.28	0	0	0	0.12	0	0	0	0	0	0	0	0	0	0	0	0	0.23	0	0	0	0	0	1.1	0.52	0	0.07	0	0	0	0
GRMZM2G061303	1.84	9.87	12.8	8.08	6.68	5.42	2.79	1.86	1.74	4.69	4.19	4.72	4.96	4.8	2.33	0	0	0.01	0.02	0.01	0	0.08	0.07	0.04	0.09	0.74	0.35	0.41	0.31	0.9	0.13	0.2	0	0.03	0	0	0	0.03	0	1.1	0.34	0.78	1.21	2.29	2.18	1.26	2.33	2.21	15.4	2.12	9.5	2.4	1.03	0.06	0.21	0.13	0	0.02	0.02	0.16	0	0	0	0.05	0	0.05	0	0	0	0	0	0.08	0	0.36	0.22	0.03	0.06	0
GRMZM2G086541	5.17	6.79	5.3	6.04	4.56	5.27	3.27	2.09	1.34	1.93	0.72	0.91	0.9	1.17	2.07	0.05	0	0.03	0.04	0	0.03	0.09	0.02	0.02	0.05	0	0	0.02	0	0	0	0	0	0	0	0	0.16	0.07	0	0.11	0.13	0.47	0.38	0.49	0.34	0.12	0.17	0.4	0.19	1.14	0.98	0.56	1.11	0.1	2.28	0	0	0	0	0	0	0	0	0	0.05	0.03	0	0.11	0.13	0.2	0	0	0	0	0	0	0	0
GRMZM2G102878	137.53	177.48	149.58	162.2	103.26	85.24	65.81	43.68	30.55	38.63	33.66	25.21	13.48	9.47	6.02	30.42	31.43	25.6	20.25	9.66	10.61	9.47	9.66	9.23	7.27	4.27	4.88	4.41	2.55	4.81	1.77	2.58	6	5.3	5.7	5.66	9.04	23.71	27.48	27.23	18.45	25.47	23.57	24.86	19.11	15.12	14.76	10.5	6.31	7.37	7.51	6.99	4.37	1.68	1.4	6.2	5.78	1.1	1.82	1.16	7.22	6.36	3.3	2.86	0.71	2.52	1.4	2.48	2.2	1.19	9.33	7.53	1.71	1.51	4.19	4.97	2.09	5.31
GRMZM2G103983	101.01	158.59	68.35	162.37	234.55	70.46	108.75	66.38	73.01	133.74	20.53	7.85	15.7	13.97	10.95	0.15	0	0.18	0.27	0.09	0.36	0.46	0.59	2.91	1.24	0.94	6.93	1.17	9.92	7.98	31.71	25.87	0	0.1	0	0.06	0	0	1.01	3.91	7.75	14.07	15.92	27.03	8.22	10.43	8.48	4.69	37.14	6.38	17.13	3.71	17.54	0.05	0.07	6.15	0.23	0.45	0.54	0.05	0	0	0.4	0.26	0	0.33	0.21	0.07	0.04	0.04	0.13	0.23	0.28	0.71	4.55	0.1	2.13	0
GRMZM2G157806	95.81	143.72	74.24	129.89	90.32	79.44	49.64	14.42	3.23	6.91	1.87	0.38	0.18	0.72	1.45	0.35	0.13	0.26	0.3	0.1	0.37	0.03	1.52	0.8	0.97	0	0.25	0.16	0.2	0.49	0	1.11	0	0	0	0.03	0.04	0.2	2.11	2.01	3.68	8.32	10.77	15.19	4.37	3.14	2.17	0.8	0.41	0.78	0.48	1.12	2.67	0.09	0.03	0	0	0.04	0.32	0.06	0.04	0	1.71	1.01	0	1.23	0.93	0.26	0.3	0.25	0	0	0.11	0	0.05	0	0	0
GRMZM2G309594	0.41	2.79	1.51	4.22	2.62	3.14	1.96	0.31	0.88	0.56	0.37	0.05	0.32	0.06	0.09	0	0.04	0	0	0	0	0	0	0	0.01	0	0.06	0.04	0	0.05	0	0	0	0	0	0	0	0	0.05	0.04	0.09	0.17	0.23	0.38	0	0.09	0.15	0	0.35	0	0.12	0	0.03	0	0	0	0.04	0	0	0	0	0	0	0	0	0.03	0	0	0	0	0	0	0	0	0	0	0	0
GRMZM5G829476	3.8	13.54	7.72	30.87	27.36	20.14	13.87	4.27	4.46	7.48	0.94	0.3	0.21	0.19	0	0.09	0	0	0	0	0	0	0.07	0.53	0.03	0	0.05	0	0	0	0	0	0	0.11	0	0	0	0	0	0.14	0.84	2.19	3.74	6.16	0.77	0.65	0.3	0.04	0	0.24	0	0.15	0.05	0	0.21	0	0	0	0	0	0	0	0.13	0.15	0	0.1	0	0.09	0	0.08	0.05	0	0	0	0	0.88	0	0.07
GRMZM2G042920	87.17	139.08	196.02	212.04	199.33	174.98	140.18	122.53	111.68	147.29	109.47	117.31	110.9	58.91	70.91	0.04	0.43	0.33	0.2	0.04	0.98	0.67	0.36	4.5	2.55	1.9	5.48	1.52	0.53	4.31	2.25	4.06	0	0.34	0.72	0.06	0.15	0.17	1.28	2.85	5	11.96	19.93	25.02	11.91	19.03	20.73	25.3	50.62	57.56	63.67	32.94	38.69	0.09	1.6	0.09	0	0	0	0	0	0	0.28	0.12	0.23	0.08	0.14	0	0.1	0	1.82	1.67	0	0.09	0.79	0.12	0.03	0.03
GRMZM2G046583	40.19	53.86	54.81	41.32	59.48	35.34	19.24	18.49	10.14	15.12	19.24	16.31	9.47	8.03	8.31	19.84	26.92	19.25	21.12	15.25	24.64	33.19	22.12	16.07	23.59	15.5	19.68	17.13	16.21	19.59	9.43	3.31	14.1	24.62	22.83	25.07	36.75	31.25	28.49	19.85	18.13	32.75	24.83	25.37	24.92	18.11	23.85	19.06	14.81	13.11	9.57	14.06	8.25	3.29	4.29	5.19	7.54	2.26	1.99	2.82	9.65	10.07	6.63	7.41	1.72	3.56	1.93	4.1	4.59	2.56	5.96	5.83	2.28	2.67	5.99	4.81	3.12	1.78
GRMZM2G065259	0.66	2.16	1.31	1.94	0.8	2.9	2.11	0.44	0.1	0.6	0.41	0	0.18	0.13	0	0	0	0	0	0	0	0	0	0.71	0	0	0	0	0	0	0	0	0	0	0	0	0	0	0	0	0.06	0.07	0.1	0.25	0	0.23	0	0	0.16	0	0.19	0	0	0	0	0	0	0	0	0	0	0	0	0	0	0	0	0	0	0	0	0	0	0	0	0	0	0
GRMZM2G070351	296.53	343.48	404.97	379.69	354.69	395.85	187.37	127.29	79.85	82.84	80.04	61.8	30	19.21	15.73	40.38	48.12	8.43	4.02	1.46	2.63	4.16	3.26	5.93	4.52	2.54	3.82	2.08	2.26	5.2	1.07	3.57	37	51.21	55	49.91	43.37	42.66	26.62	17.72	19.26	36.97	47.04	50.65	36.87	24.07	27.21	16.91	12.34	15.78	17.76	14.38	10.11	6.1	6.36	10.71	3.66	2.35	0.75	1.18	16.45	16.66	20.48	20.48	3.6	22.84	11.49	13.05	12.86	9.56	12.85	10.08	9.64	12.63	11.4	4.86	16.74	1.68
GRMZM2G081188	54.24	83.5	81.14	84.92	87.81	75.6	53.12	37.17	23.52	30.7	38.18	33.52	28.42	31.97	31.69	11.14	7.35	8.83	11.86	11.97	18.55	23.4	19.89	15.94	19.53	15.14	12.73	15.23	14.66	19.5	11.42	13.88	28.99	41.64	39.5	39.1	38.04	21.95	20.15	16.88	16.81	31.37	27.75	29.09	39.3	23.59	34.63	30.33	31.35	45.42	23.66	27.78	23.71	13.77	14.91	10.28	16.58	13.8	12.8	21.87	36.35	35.41	17.23	16.9	5.6	18.38	8.42	19.13	19.95	11	25.25	21.23	15.22	18.15	24.57	15.02	18.47	9.89
GRMZM2G136964	2.68	5.15	10.98	6.87	4.72	8.56	3.83	1.85	1.91	0.91	0.36	0.57	0.53	0.66	0.11	0	0	0	0	0	0	0	0	0	0.04	0	0	0	0	0.13	0	0	0	0	0	0	0.2	0	0.49	0.48	0.24	0.67	1.05	0.81	1.32	0.31	0.84	0	0.25	0.41	0.14	0	0.25	0.31	19	0	0	0	0	0	0	0.06	0.06	0	0	0	0	0	0	0	0	0	0	0	0	0	0.05	0
GRMZM2G169009	8.65	8.74	10.14	8.23	8.73	10.09	7.98	3.94	5.23	7.31	4.32	7.03	4.47	3.72	5.67	0	0.13	0	0.08	0	0.05	0.09	0	0	0.06	0	0	0	0.14	0.1	0	0	1.66	5.79	25.68	23.61	7.43	1.74	0.09	0.94	0.13	0.1	0.82	0.99	2.85	0.99	2.48	2.04	2.39	5.83	2.14	2.2	1.61	0.09	1.02	0.06	0	0	0	0.24	0	0	0	0	0	0	0	0.09	0	0.04	0.21	0.33	0	0.06	0.32	0.19	0.31	0
GRMZM5G823855	270.55	476.09	392.37	417.38	437.08	351.12	359.57	343.4	278.61	290.26	342.49	294.86	277.76	195.66	243.34	71.37	78.64	101.36	76.05	56.26	75.63	77.83	63.58	44.9	59.41	44.54	60.42	57.34	57.25	76.11	77.66	103.64	145.65	133.05	157.92	171.51	189.54	152.55	129.59	97.75	69.33	104.66	105.04	107.72	88.47	87.47	114.41	137.12	133.13	145.34	167.64	160.16	121.19	41.27	43.77	21.78	35.1	43.74	36.31	61.32	44.34	44.33	39.66	36.64	17.2	47.38	22.66	44.14	42.92	30.41	67.28	57.71	40.73	50.37	117.73	20.4	69.95	6.94
GRMZM5G836544	0.18	1.06	0.61	0.08	0.99	0.75	0.64	0	0.37	0	0.58	0	0.06	0.41	0.09	0	0.14	0.06	0	0.12	0	0.03	0.08	0.17	0	0	0	0	0	0	0	0.17	0.25	0.33	0.25	2.02	0.41	0.22	0.7	0	0.29	0.16	0.19	0	0	0.07	0.05	0	0	0.07	0.7	0.22	0.1	0	0	0	0	0	0	0	0	0	0	0	0	0	0	0	0	0	0	0	0	0	0	0	0	0
GRMZM2G157517	0.21	2.63	0.19	0	2.51	0.97	0.13	0	0.23	0	0.13	0.17	0.26	0.15	0.49	0.18	0	0	0	0.02	0.38	0	0	0	0.06	0	0.2	0.06	0	0	0	0.12	1.01	0.15	0.12	1.29	0	0.21	0	0	0	0	0.11	0	0.66	0.03	0.52	0.08	0.09	0.07	0.32	0.62	0	0.03	0	0	0	0	0	0	0	0	0	0	0.1	0	0	0	0	0	0	0	0	0	0	0	0	0
GRMZM2G161827	0.48	0.43	1.23	1.12	2.76	0.94	2.54	1.32	0.84	2.38	0.46	1.52	1.22	0.92	1.5	0	0	0.06	0	0	0.14	0	0	0	0	0.21	0	0	0	0	0	0	0	0	0	0	0	0	0	0	0	0.11	0.12	0.2	0	0.24	0.16	0.47	0.68	1.19	0.85	0.43	1.22	0.09	0.53	0	0	0	0	0	0	0	0	0	0	0	0	0	0	0	0	0	0	0	0	0	0	0
GRMZM2G048403	11.48	7.01	22.46	18.19	21.7	22.31	17.19	23.01	17.5	15.17	17.77	13.2	10.59	14.76	12.81	6.76	11.28	5.21	2.53	3.34	3.89	4.16	3.92	3.41	2.82	2.44	1.78	1.77	2.8	3.84	5	4.11	19.09	13.74	14.87	18.72	13.92	14.55	7.9	6.44	4.84	8.19	5.76	7.18	7.76	5.41	6.07	6.1	6.66	8.31	9.59	10.14	8.51	0.08	0.1	0.07	0.02	0.03	0	0.12	0.06	0.11	0	0.03	0.14	0.01	0.04	0.02	0.02	0.01	0.27	0.24	0.08	0.1	2.95	0.05	0.5	0
AC185501.3_FG006	2.52	9.13	16.47	10.42	20.07	14.22	8.84	11.36	11.12	8.02	10.68	7.5	3.28	2.12	3.2	0.1	0	0.19	0.15	0	0	0.1	0	0	0.32	0.24	0	0.22	0	0	0	0.46	5.39	11.88	15.36	10.66	10.92	2.7	2.25	1.01	1.34	1.52	3.08	2.64	0.89	2.34	2.53	1.68	2.68	1.03	3.99	2.14	1.61	0	0	0	0	0	0	0	0	0	0	0	0	0	0	0	0	0	0.72	0.51	0.13	0	0	0	0	0
AC203957.3_FG001	0.31	3.63	1.38	1.12	3.36	5.59	3.19	3.71	0.42	0	0.25	0.31	2.52	0.84	1.2	0	0	0	0	0	0	0	0	0	0	0	0	0	0	0	0	0	0	0	0	0	0	0	0	0	0	0.31	0.34	0.99	0	0.37	0	0	1.36	0	0	0.38	0.68	0	0	0	0	0	0	0	0	0	0	0	0	0	0	0	0	0	0	0	0	0	0	0	0.25	0
GRMZM2G023631	0.69	1.29	2.75	1.86	3.11	3.42	3.17	2.03	1.56	3.32	1.28	3.03	1.89	1.86	1.41	0	0	0	0	0	0	0.1	0	0	0	0	0.08	0.11	0.71	1.76	0.82	1.49	0.26	0.57	0.1	0.19	0.06	0.23	0	0	0.12	0.31	0.51	0.5	0.27	0.55	0.6	0.5	0.5	1.22	1.38	0.94	0.61	0.05	0.22	0	0.17	0	0	0	0.03	0.07	0	0	0.08	0	0	0	0	0	0	0	0	0.05	0	0	0	0
GRMZM2G045660	11.88	17.21	17.76	14.54	21.97	21.44	17.13	22.39	16.51	15.86	17.77	15.65	9.07	11.17	10.38	5.6	8.52	4.33	2.84	3.04	2.46	2.4	1.66	2.18	2.88	1.35	1.64	1.5	2.33	2.53	2.83	1.7	22	16.02	16.18	15.83	8.19	10.02	5.46	3.72	3.26	5.12	5.55	6	3.23	3.97	4.03	4.15	5.99	9	5.64	5.54	5.69	0	0	0	0	0	0	0	0	0	0	0	0.09	0	0	0.04	0	0	0	0	0	0.05	0	0	0	0
GRMZM2G054653	4.19	4.76	4.82	8.71	10.14	13.56	9.62	9.24	7.65	4.92	3.21	2.47	6.41	4.54	6.59	0	0	0	0.04	0	0	0.08	0	0.15	0.01	0	0.19	0	0	0	0	0	0	0	0	0	0	0.06	0.09	0.14	0.39	0.6	0.69	1.48	1.81	0.97	0.95	0.87	3.16	2.31	1.86	1.83	2.82	0.05	2.04	0.05	0	0	0	0	0	0	0	0.05	0	0	0.08	0	0.08	0.04	0	0	0.1	0.11	0	0	0.06	0
GRMZM2G065157	12.28	36.58	45.28	41.65	34.79	60.5	31.65	28.62	55.4	74.93	51.72	33.48	18.66	9.32	5.46	0.14	0	0.09	0.41	0	0.34	0.51	0.6	1.16	0.9	0	2.12	0.62	0	1.11	0.09	0.26	0	0	0	0.05	0	0.11	0.44	2.08	2.34	2.99	6.06	5.45	7.57	6.81	10.83	6.82	3.4	1.37	7.74	5.67	1.63	0.32	0.99	0	0	0	0	0	0	0	0.48	0.24	0	0	0	0	0.2	0	0.66	0.18	0	1.44	0	0	0	0
GRMZM2G079067	0.07	1.04	0.74	4.36	3.99	4.17	1.85	0.4	0.18	0.14	0	0	0	0	0	0	0	0	0	0	0	0	0	0.13	0	0	0	0.21	0.22	0.32	0	0	0	0.61	0	0	0	0	0	0	0	0.07	0.06	0.54	0.96	0.21	0	0.06	0	0	0	0	0	0	0.42	0	0	0	0.08	0.1	0	0	0	0.08	0	0.08	0	0	0	0	0.08	0.18	0	0	0	0	0	0
GRMZM2G086590	16.26	28.94	56.08	57.46	75.76	56.46	38.03	46.02	28.85	33.84	42.19	31.42	24.72	13.77	15.17	0	0	0.09	0.03	0.03	0.48	0.09	0.2	0.5	0.72	0.54	1.1	0.1	0.21	0.63	0.78	0.98	0.07	0.34	0.51	0.69	0.23	0.03	0.26	0.41	0.87	2.86	5.06	6.2	3.84	5.81	6.33	7.86	8.42	9.22	12.84	9.7	5.71	0.01	3.29	0.03	0.03	0	0	0	0.11	0.13	0.06	0.04	0.42	0.09	0.02	0.13	0.11	0.07	0.25	0.78	0.05	0.12	0.02	1.08	0.12	0.42
GRMZM2G091456	65.58	95.25	105.99	146.6	175.62	179.97	112.97	91.51	75.09	96.59	134.97	100.42	63.61	58.61	43.78	34.27	22.35	2.29	1.68	1.49	3.31	3.53	3.9	4.68	4.19	5.89	6.59	5.1	5.03	9.02	5.26	4.61	20.2	38.51	60.67	40.38	38.93	31.2	10.41	10.84	10.24	17.02	26.1	29.98	24.84	23.67	35.97	59.37	60.97	30.75	32.15	26.8	10.98	17.44	11	27.44	12.31	31.61	22.69	31.87	30.53	30.55	15.92	14.75	5.53	20.59	12.07	20.51	23.74	16.34	31.21	28.09	22.78	39.6	15.56	34.95	35.99	17.15
GRMZM2G092621	0.03	0.76	1.47	1.46	2.19	2.33	1.53	0.96	0.44	0.62	0.18	0.42	0.38	0.67	0.34	1.63	1	0	0	0.04	0	0.03	0	0	0	0	0.04	0	0	0.27	0	0	3.84	0.76	0.23	0.16	0.58	1.84	0.82	0.28	0.05	0.09	0.4	0.25	0.76	0.23	0.36	0.71	0.53	0.11	0.62	0.39	0.39	0.15	3.25	0	0.05	0	0	0	0	0.03	0	0	0	0	0	0	0	0	0	0	0	0	0	0	0.08	0
GRMZM2G109399	17.24	25.2	29.15	26.95	37.37	36.12	34.89	50	34.31	22.52	28.96	21.04	19.37	10.97	20.52	7.14	9.89	7	3.95	5	5.33	7.53	5.51	4.91	5.55	3.26	3.45	4.19	3.65	5.57	5.33	5.41	50.99	24.57	27.43	31.26	19.49	16.94	9.11	9.24	5.94	9.67	9.47	9.89	16.16	10.31	10.31	9.09	5.94	15.87	12.45	15.03	13.58	5.28	4.55	0.53	0.56	0.22	0.24	0.62	1.94	2.15	1.83	1.81	2.76	1.65	1.02	1.5	2.15	2.12	1.01	0.7	2.31	1.35	2.12	0.44	1.93	0.13
GRMZM2G110739	0.77	0.36	2	21.46	40.5	41.79	19.42	12.88	4.3	14.8	15.06	8.51	5.61	6.27	2.55	0.29	1.01	0.04	0.01	0.08	0.14	0.03	0	0.15	0.54	0.22	0.6	0.1	0	0.4	0.12	0.41	0	0.06	0	0.07	0	0.45	0	0	0.01	1.5	6.34	6.35	3.53	2.18	3.92	5.61	3	2.25	2.22	1.67	0.96	0.02	0.02	0.43	0	0.06	0.04	0.09	0.06	0.03	0.03	0.19	1.06	0.04	0.06	0.03	0.03	0.03	0.27	0.25	0.45	0.5	0	0.11	0.13	0
GRMZM2G111147	2.04	3.59	3.31	2.11	4.49	6.44	4.06	3.99	2.71	1.65	3.8	2.92	1.24	1.25	0.83	1.26	0.76	0.62	0.37	0.48	0.18	0.41	0.35	0.27	0.22	0.45	0.19	0.42	0.25	0.8	0.08	0.52	4.35	4.33	4.92	3.28	1.82	1.52	0.74	0.82	0.7	1.23	0.91	0.91	0.68	0.53	1.57	1.12	0.54	1.07	2.39	1.73	1.11	0	0	0	0	0	0	0	0	0	0	0	0.07	0	0	0	0	0	0	0	0	0	0	0	0	0
GRMZM2G142685	0.12	0.27	0.67	2.12	2.46	2.67	1.78	1.78	1.19	1.47	0.91	0.99	0.87	1.31	0.88	0	0	0	0	0	0	0	0	0	0.02	0	0.04	0.02	0	0	0	0.11	0	0	0	0	0	0	0	0	0.01	0.14	0.21	0.25	0	0.33	0.3	0.43	0.8	0.94	1.02	1	0.88	0.09	6.2	0	0	0	0	0	0	0	0	0	0	0	0	0	0	0	0	0	0	0	0	0	0.01	0
GRMZM2G175343	0	0	0	0.05	0.43	0.35	2.83	0	0	0.72	0	0	0.13	0	0.2	0.11	0.08	0	0	0	0	0.02	0	0	0	0	0	0	0	0.16	0	0	0	0.34	0	0.22	0	0.04	0.03	0	0.02	0	0	0	0	0	0	0	0	0	0	0	0.03	0.02	0.18	0	0	0.02	0	0	0	0	0	0	0.36	0	0	0	0	0	0.2	0	0	0	0	0	0	0
GRMZM2G344977	113.49	131.21	171.19	140.18	233.73	256.42	151.57	227.11	135.83	106.74	154.58	133.23	76.81	112.27	93.42	48.08	57.79	45.49	21.61	25.01	26.32	26.97	22.66	21.87	21.48	16.91	14.22	15.65	17.03	23.69	21.26	31.03	164.51	133.1	136.69	135.37	82.05	63.53	43.66	30.51	29.46	52.61	45.23	50.64	55.97	37.32	47.7	49.24	45.25	83.6	62.85	82.96	64.73	0	0.01	0	0.04	0	0	0	0	0	0	0	1.07	0	0	0	0	0	0.18	0	0	0.17	0	0	0	0
GRMZM5G804358	18.47	31.93	14.65	10.64	24.23	87.86	31.46	7.73	12.14	27.99	9.24	9.44	19.27	7.28	11.31	4.16	8.85	6.26	5.95	3.81	3.25	2.74	2.19	3.57	1.97	2.73	2.4	3.66	3.09	6.13	11.3	10.54	49.13	29.79	50.78	375.84	27.76	10.36	34.78	3.83	6.37	6.13	3.75	4.34	11.45	6.22	8.2	6.58	8.05	10.02	23.32	9.35	8.96	4.02	4.81	11.73	1.23	1.05	1.53	0.2	4.54	4.66	2.76	4.86	32.8	4.93	5.08	5.38	5.53	11.06	0.88	0.51	0.73	2.17	5.61	0.62	4.9	0.22
GRMZM5G804671	0.46	0	0.26	0	0.63	1.71	0.31	0	0.47	0.82	0	0	0.07	0	0	0.24	0.36	0.07	0	0	0	0.08	0	0	0	0	0.42	0	0	0	0	0	0.21	0.42	0.81	3.46	0	0.19	0.25	0.2	0.4	0	0	0	0	0.18	0.95	0	0.25	0.38	0.44	0.42	0.25	0	0	0	0	0	0.15	0	0	0.12	0	0.14	0.26	0	0.12	0.12	0	0.12	0	0	0	0	0	0	0	0
GRMZM5G821687	1.1	0.9	1.02	0.17	2	4.53	0.53	0.55	0.75	0.19	0.59	1.21	0.17	0.42	1.25	0.68	0.57	0.94	0.08	0.25	0	0	0	0	0	0	0	0	0.3	0.22	0	0	0	0.17	1.54	7.7	0.25	0.6	3.04	0.48	0.34	0.23	0.08	0.54	0	0.22	0.21	0	0	0.45	3.07	0	0.61	0	0	0	0	0	0	0	0	0	0	0	0	0	0	0	0	0.09	0	0	0	0	0	0	0	0
GRMZM5G824201	0.32	1.25	1.01	0.43	2.02	4.49	1.18	1.59	0.94	0.32	1.55	1.21	0.07	0.48	0.05	0.28	0.99	0.17	0.19	0.02	0.1	0.22	0.05	0	0.18	0.26	0	0.25	0.13	0.5	0	0.1	0.78	0.63	0.78	0.82	0.29	0.17	0.35	0.37	0.23	0.42	0.25	0.61	0.14	0.15	0.68	0.41	0.29	0.82	0.14	0.33	0.44	0	0	0	0	0	0	0	0	0	0	0	0.12	0	0	0	0	0	0	0	0	0	0	0	0	0
GRMZM5G853409	0.38	2.01	0.55	0.54	0.81	2.95	0.85	0.32	0.73	0.78	0.6	0.39	0.47	0.54	0.95	0.11	0.2	0.19	0.2	0.12	0.05	0.2	0	0.1	0.1	0	0.31	0.07	0.35	0.33	1.16	1.22	0.49	0.74	1.55	5.35	0.29	0.23	0.38	0.02	0.14	0.16	0.18	0.29	0.2	0.14	0.31	0.18	0.14	0.58	1.1	0.55	0.19	0	0.03	0	0	0	0	0	0.04	0	0.02	0.03	1.08	0	0.06	0.02	0.02	0.09	0.03	0	0	0	0	0	0.02	0
GRMZM5G854065	0.27	1.32	0.68	0.8	1.1	2.77	1.52	0.81	1.47	0.89	0.97	1.58	0.38	1.29	0.52	0.21	0.11	0.34	0.21	0.07	0.09	0.35	0	0.07	0.1	0.16	0.08	0.21	0.11	0.16	0	0	0.93	0.31	1.32	10.03	0.55	0.06	1.19	0.06	0.03	0.22	0.17	0.15	0	0.22	0.37	0.06	0.3	0.44	3.11	0.25	0	0	0	0	0	0	0	0	0.07	0.07	0.14	0	0	0	0.07	0.07	0	0.34	0	0	0	0	0	0	0	0
GRMZM5G867512	0.15	0.95	0.45	0.15	0.62	1.89	0.56	0.24	0.2	0.23	0.23	0.3	0.41	0.37	0.36	0.05	0.13	0.23	0.17	0.13	0.08	0.14	0.07	0.09	0.05	0	0.02	0.01	0.05	0.1	0.15	0.39	0.91	0.3	0.66	4.47	0.2	0.11	0.45	0.11	0.19	0.1	0.15	0.14	0.28	0.07	0.16	0.05	0.13	0.17	0.62	0.24	0	0.08	0.12	0.18	0.08	0.03	0.02	0	0	0.07	0.02	0.02	0.97	0.02	0	0.02	0.07	0.07	0	0	0	0	0.04	0.01	0	0
GRMZM5G888999	0	1.45	1.16	2.1	2.25	3.36	0.8	0.33	0.24	0.66	0.59	0.13	0.25	0.04	0	0	0	0	0.08	0	0	0	0	0	0.06	0	0.16	0.07	0	0.46	0.11	0.17	0	0.04	0.12	0	0	0	0	0.08	0.12	0.39	0.17	0.29	0	0.07	0.2	0.58	0.43	0.18	1.51	0.32	0.05	0	0	0	0	0	0	0.12	0	0	0	0	0	0.1	0	0	0	0	0.11	0.17	0.06	0.06	0	0	0	0
GRMZM5G889299	0.15	0.7	0.23	0.01	0.28	2.5	0.79	0.47	0.37	0.36	0.2	0.27	0.35	0.27	0.14	0.09	0.23	0.13	0.11	0.08	0.01	0.04	0	0.06	0.04	0	0.07	0.05	0.02	0.02	0	0	1.17	0.34	0.71	5.16	0.2	0.09	0.39	0.13	0.07	0.18	0.07	0.04	0.45	0.1	0.16	0.2	0.07	0.13	1.43	0.09	0.1	0	0	0	0	0	0	0	0	0.02	0	0	0	0.04	0	0.02	0.02	0.01	0	0	0	0	0	0	0	0
GRMZM5G897755	1.41	6.98	1.65	1.23	3.68	12.65	4.1	1.2	2.68	5.14	0.99	1.69	2.04	1.96	1.49	0.19	2.01	0.63	0.95	0.31	0.63	0.62	0.33	0.59	0.37	0.6	0	0.19	0	0.22	0.16	0	4.44	3.2	1.89	29.97	1.99	1.71	1.09	0.42	1.33	1.35	0.93	0.97	1.94	1.34	0.48	0.53	0.41	1.51	6.95	0.91	0.61	0	0	0	0.1	0.06	0	0	0.3	0.06	0.06	0.45	0.28	0.15	0.25	0.06	0.13	0.31	0	0	0	0	0.08	0.11	0.05	0
GRMZM5G899167	0	0	0	1.18	0	1.42	0	0.97	0	0	0.17	0.88	0	0	0.21	0	0	0	0	0	0	0	0	0	0	0	0	0	0.53	0.51	0	0	2.39	0.2	0	0.35	0.19	0	0.48	0	0	0	0	0.52	0	0	0.22	0.21	0.95	0.18	0	0	0.48	0	0	0	0	0.2	0	0	0	0.22	0	0	0	0	0	0	0	0	0.27	0	0	0	0	0	0	0
AC199961.4_FG004	0.13	0.1	0.64	0.34	0.59	0.8	1.04	0.73	0.18	0.62	0.54	0.61	0.83	0.24	0.28	0	0	0.03	0.02	0	0.11	0.05	0.09	0.03	0.16	0.41	0	0.18	0.34	0.36	0.27	0.03	2.33	1.36	2.04	8.36	1.4	0.41	0.7	0.2	0.04	0.05	0.06	0.23	0.18	0.19	0.15	0.44	0.57	0.51	0.65	0.82	0.76	0	0.01	0	0	0.02	0.02	0	0	0.03	0.21	0.2	0.08	0.04	0.03	0.05	0.09	0.2	0.02	0	0.04	0.05	0.07	0	0.01	0
GRMZM2G002656	1.74	3.31	6.84	5.89	9.96	10.87	8.3	12.75	8.1	6.88	13.5	10.41	6.38	6.99	6.87	0.07	0.06	0.15	0.01	0	0.15	0.11	0.01	0.06	0.18	0.09	0.18	0.17	0.05	0.22	0.15	0	0.46	0.24	0.07	0.15	0.21	0.16	0.1	0.13	0.17	0.43	0.59	0.98	1.34	1.17	1.85	2.94	4.01	5	6.7	6.27	5.68	0.23	3.53	0.1	0.15	0.07	0.11	0.24	0.12	0.11	0.07	0.12	0.09	0.03	0.01	0.03	0.05	0.02	0.34	0.28	0.03	0.04	0.16	0.05	0.04	0
GRMZM2G009368	17.76	41.75	36.37	52.31	102.53	104.33	153.48	216.61	191.1	110.17	172.24	152.36	107.99	146.5	114.19	5.82	3.5	2.5	1.98	1.46	4.76	5.97	1.93	6.47	7.04	10.54	18.65	19.13	50.42	74.48	81.68	125	8.24	4.52	5.22	4.45	4.21	2.36	6.09	4.24	6.42	9.83	13.39	23.22	29.67	29.74	41.46	89.82	134.53	148.93	152.68	170.01	149.66	0.49	0.32	0.11	1.46	0.59	0.53	0.98	1.91	1.63	1.41	2.03	0.26	0.9	0.85	1.47	1.32	1.3	3.45	3.42	1.27	1.48	2.17	1.49	1.56	0.47
GRMZM2G017321	0.58	0.68	1.68	6.57	10.21	19.01	8.97	9.27	10.94	15.95	13.12	8.33	15.77	6.31	10.32	0	0	0	0	0	0	0.12	0	0	0.09	0	0	0.09	0.05	0	0	0	0	0.84	0.24	0.33	0	0	0.13	0	0.13	0.92	1.17	2.56	1.75	1.12	1.12	1.89	5.8	5.29	3.86	1.7	4.15	0.16	0	0.32	0	0	0	0	0	0	0.06	0	0	0	0	0	0	0	0	0	0.08	0.08	0	0	0.47	0
GRMZM2G023986	0.12	0.06	0.12	1.05	2.85	2.78	3.94	3.27	2.28	2.25	0.98	0.96	1.32	0.78	1.47	0	0	0.19	0.05	0.02	0.1	0.06	0.08	0.09	0.43	0.11	0.24	0.69	0.61	1.08	0.61	0.8	0	0	0	0.08	0	0	0	0.13	0.1	0.21	0.37	1.05	0.55	0.61	0.61	0.46	1.09	0.73	1.42	0.72	0.73	0.02	1.92	0	0	0	0	0	0	0	0	0	0	0	0	0	0	0	0	0	0	0	0	0	0	0
GRMZM2G067350	2.91	4.22	4.45	6.08	14.95	18.4	29.63	20.15	24.09	24.92	16.82	16.91	13.14	10.18	11.01	3.22	4.36	2.33	0.92	0.71	2.06	2.25	1.63	2.05	2.15	0.86	0.86	1.71	1.26	1.56	2.25	1.32	9.75	10.42	11.24	12.31	12.52	8.42	3.79	2.69	2.67	5.41	4.91	4.58	6.46	5.54	7.04	6.7	2.98	5.1	3.01	6.23	3.27	2.11	1.4	0.31	0.53	2.55	5.19	2.48	0.57	0.79	1.69	1.25	1.99	1.29	0.46	2.01	1.44	1.16	3.7	2.04	2.02	1.68	0.25	0.5	1.98	0.37
GRMZM2G074193	9.26	21.39	30.51	28.63	36.8	45	33.49	59.18	32.86	41.79	37.63	28.93	29.21	29.94	31.06	2.48	3.09	3.18	1.56	0.95	2.88	5.67	2.43	2.6	1.81	1.9	3.29	4.14	4.56	7.02	12.36	11.56	48.53	34.55	40.99	45.69	28.69	20.82	8.58	7.96	4.97	9.44	8.22	9.69	10.19	8.06	10.49	11.49	13.41	17.97	19.58	20.26	19.87	5.72	1.7	2.36	5.48	5.45	5.87	4.27	6.04	6.2	9.17	9.27	3.61	3.71	2.8	5.8	5.44	4.35	5.21	5.15	10.12	9.61	6.38	7.47	10.22	7.5
GRMZM2G107893	0.42	2.58	1.61	3.51	3.92	3.07	3.61	3.82	3.64	0.52	3.54	3.75	2.07	3.01	2.51	0.94	1.32	1.16	1.06	0.83	0.49	0.79	0.42	0.33	0.33	0.62	0.78	0.36	0.55	0.6	0.06	0.24	5.18	4.77	2.55	3.21	3.13	1.46	1.08	1.1	0.82	1.2	1.59	0.91	1.95	0.68	1.29	0.94	0.75	1.21	2.07	1.72	1.31	0	0	0	0	0	0	0	0	0	0	0	0	0	0.02	0	0	0	0	0	0.03	0	0	0	0	0
GRMZM2G138429	3.46	4.46	4.96	5.91	7.73	9.36	6.63	8.89	6.58	9.63	6.55	8.01	6.94	6.28	5.73	8.54	7.26	2.86	1.86	1.48	1.74	2.61	2.16	2.4	1.76	3.25	1.93	1.7	2.56	2.16	2.35	2.34	14.24	20.13	20.06	18.36	14.62	9.92	6.95	5.74	3.94	6.36	3.92	4.74	6.92	3.37	4.79	4.52	3.73	4.06	3.77	5.04	4.5	2.56	2.61	2.42	2.36	2.18	2.59	4.14	3.25	2.88	2.91	2.12	2.75	3.15	1.93	4.64	4	2.79	7.87	6.26	5.66	5.2	7.03	2.95	7.35	5.82
GRMZM2G180478	0	0.37	0.56	1.03	0.17	1.6	1.03	2.17	2.57	1.31	1.03	0.26	0.43	0.23	0.3	0.46	0.39	0.2	0.15	0.24	0.2	0.61	0.34	0.15	0.61	0.3	1.15	0.39	0.36	1.23	0.95	0.69	1.1	1.98	2.94	2.25	1.55	1.49	0.28	0.24	0.66	0.41	0.48	0.82	0.83	0.62	0.7	0.94	0.24	0.31	1.13	0.58	0.24	0	0	0	0	0	0	0	0.25	0.19	0.03	0.04	0.14	0	0	0.03	0.06	0	0	0	0	0	0	0.03	0	0
GRMZM2G312672	1.95	2.38	3.82	3.01	4.18	4.84	4.89	8.06	3.97	6.27	5.77	5.3	2.63	2.05	1.83	5.38	4.19	2.69	0.89	0.6	0.52	1.41	0.74	0.71	0.72	0.17	0.36	0.83	1.22	1.09	0.85	1.07	3.21	1.93	1.16	2.27	0.99	2.49	1.52	0.99	0.84	1.65	1.47	1.79	2.47	1.44	1.97	2.07	1.65	2.52	1.33	2.37	1.32	0	0	0	0	0	0	0	0	0.02	0.05	0.11	0.05	0.08	0.02	0.05	0.16	0.21	0	0	0.21	0.12	0	0.04	0.23	0
GRMZM2G319955	6.83	11.2	29.91	15.09	11.78	17.39	27.22	190.91	70.55	43.87	65.73	19.33	33.09	72.63	53.3	1.74	4.1	4.95	5.63	13.48	6.48	10.42	5.78	5.67	8.32	11.39	16.4	11.1	5.64	13.17	21.8	12.54	8.44	3.48	3.32	2.26	1.3	2.44	2.27	5.83	4.5	5.35	4.96	7.15	15.11	21	20.46	20.61	22.31	24.41	30.64	50.54	45.85	0.6	0.07	1.72	1.54	0.8	3.28	3.32	2.8	3.52	3.55	2.69	0.59	3.42	3.03	5.49	5.36	4.19	2.56	1.84	5.31	3.04	2.67	0.33	1.9	0.09
GRMZM2G403664	0.19	1.65	0.73	1.27	0.25	0.85	0.75	2.38	2.29	0.62	1.35	0.81	0.85	0.98	0.73	0.1	0	0.15	0	0	0	0	0	0	0.03	0	0	0	0	0	0	0	0.09	0	0.13	0.21	0.55	0	0	0	0.06	0.05	0.17	0.09	0.68	0.19	1.18	0.63	0.46	0.38	0.48	0.69	1.86	0	0.07	0.06	0	0.04	0.06	0	0	0.05	0.24	0	0	0	0.05	0	0	0	0.12	0.06	0.06	0.06	0	0	0	0
GRMZM2G403667	0.62	3.51	2.61	4.32	1.31	2.95	1.85	13.12	5.26	2.11	3.43	2.1	4.49	5.45	6.82	0	0	0.44	0	0	0.62	0	0	0	0.1	0	0	0.11	0.28	0	0	0	0.06	0.25	0.39	0.34	0.81	0.11	0.15	0	0.09	0.14	0.34	0.29	2.17	0.88	2.17	3.38	1.29	2.65	2.74	3.47	7	0	0.05	0.1	0	0	0	0	0	0.07	0.35	0.33	0.47	0	0.07	0	0	0	0.09	0.09	0.09	0.37	0	0.06	0.06	0.12
GRMZM2G449987	0.64	0	0.83	1.45	0.58	0.35	0.18	2.55	0.43	0.32	0.34	0.86	0.8	0.77	0.52	1.01	0.5	0.2	0.61	0.22	0.07	0.11	0.19	0.1	0.2	0	0	0	0.26	0	0.56	0.91	0.79	1.16	0.89	1.21	0.38	0.69	0	0.37	0.56	0.34	0.21	0.73	1.4	0.13	0.11	1.12	1.05	0.43	0	0.65	0.59	0	0	0	0	0	0	0	0	0	0	0	0	0	0	0	0	0	0	0	0	0	0	0	0	0
AC210616.4_FG005	0.43	2.05	0.82	2.13	4.02	2.02	3.41	1.8	1.22	4.86	0.77	1.69	3.27	2.46	3.43	0	0	0	0	0	0	0	0	0.12	0	0	0.07	0.09	0	0	0.08	0.12	0.51	0.81	0.43	0.19	0.11	0	0	0.16	0.05	0.21	0.24	0.45	1.45	0.41	0.35	0.5	2.04	1.66	2.72	1.06	3.94	0.06	0	0	0	0	0	0	0	0	0	0.04	0	0	0	0.06	0.06	0.06	0	0	0.12	0.12	0	0	0.48	0.11
AC186506.3_FG001	0.39	0.77	0	2.93	1.86	5.31	8.95	4.69	9.46	13.26	1.1	3.28	12.86	3.47	8.45	0	0	0	0	0	0.13	0	0	0.47	0	0	0.95	0.15	0	0.81	1.42	0.93	0	0	0	0	0	0	0	0	0	0	0.35	0.66	3.73	0.31	0.68	0.28	3.24	0.72	4.02	1.2	6.7	0	0	0	0	0	0	0	0	0.1	0.1	0.24	0	0	0	0	0	0	0	0	0	0	0	0	0.32	0
AC206425.3_FG002	2.2	1.36	7.44	38.11	91.07	183.2	311.44	341.77	401.46	355.2	148.2	116.44	151.21	163.39	122.5	0	0	0.08	0	0.13	2.14	1.16	0.56	7.16	2.8	0	7.13	2.57	0.51	0	0.17	1.02	0.7	0.69	0.18	0.05	0	0	0.07	0.11	0.32	2.27	6.72	26.89	41.43	36.03	48.57	60.41	74.67	87.03	78.92	51.27	88.57	0.73	1.72	0.7	0	0	0	0	0.06	0.13	0	0	0	0.15	0.06	0.13	0.13	0	0.08	0.08	0.5	5.41	2.61	0	3.72	0
AC208454.3_FG002	0	0	0	0	0.26	0.16	1.39	1.16	2.32	0.59	0.55	0.25	0.79	0.93	0.8	0	0	0	0	0	0	0	0	0	0	0	0	0.07	0	0.17	0.96	0.6	0.09	0.04	0.14	0	0	0.08	0	0	0	0	0	0	0	0.12	0.05	0.28	0.75	0.48	0.44	0.89	2.31	0	0	0	0	0	0	0	0	0	0	0	0	0	0	0	0	0	0.06	0.06	0	0	0.57	0	0	0
AC233879.1_FG002	65.39	26.9	44.18	371.87	1409.03	1961.98	7291.84	7205.59	16434.68	9058.72	3159.5	3345.18	6052.38	10631.57	6073.44	0	0	2.26	2.35	2.42	26.64	23.06	13.14	178.33	101.12	161.37	645.95	185.94	1930.5	2409.33	3807.91	4924.69	0.27	5.4	3.31	1.95	0.53	0.6	0.16	0.51	5.43	17.22	76.1	417.66	909.84	1164.05	1754.62	1842.32	12763.9	3785.56	8764	3605.76	10111.3	0.1	1.14	0.62	0.25	0	0.19	0	0.58	0.15	0.15	0.18	0	0.7	0.15	0.15	0.15	0	0	0	10.47	1.19	23.73	0	0.73	0
GRMZM2G006562	0	0	0.17	0.56	0.42	0.51	3.05	4.4	25.06	15.9	6.57	9.57	7.84	5.06	6.45	0	0	0.1	0	0.09	0	0	0	0	0	0	0.94	0	0.13	0	0.82	0	0	0	0	0	0	0	0	0.27	0.06	0.46	0.21	0.4	1.22	0.43	2.51	1.93	5.46	0.88	4.56	1.71	3.24	0	0	0	0	0	0	0	0	0	0	0	0	0	0	0	0	0	0	0	0	0	0	0	0	0
GRMZM2G021614	5.19	39.75	44.91	135.07	149.34	95.43	140.1	122.72	168.44	199.53	73.14	55.74	91.34	46.31	70.53	0	0	0.11	0.18	0.39	0.91	1.35	1.49	5.24	3.42	5.14	6.4	7.19	2.52	6.73	5.37	3.54	0	0.08	0	0	0	0	0.24	0.84	3.1	8.01	14.72	26.08	20.88	22.99	27.21	21.37	65.28	18.41	39.99	21.17	33.05	0	0	0	0	0	0	0	0	0	0.05	0.11	0	0.16	0.04	0	0	0	0	0.06	0	0	0.06	0.04	0	0.04
GRMZM2G025536	0.34	0.49	0.4	0.57	2.59	1.3	25.34	0.78	0.76	8.27	0.48	1.24	1.17	1.6	2.51	0.98	0.95	0.48	0.07	0.15	0.24	0.16	0.29	0.29	0.31	0.04	0.22	0.18	0.18	0.17	0.21	0.24	2.71	3.13	1.76	1.58	0.39	0.35	0.65	0.19	0.22	0.54	0.56	0.43	0.9	0.23	0.18	0.21	0.97	1.59	0.85	0.81	2.08	1.51	4.22	1.52	0.87	0.67	1.57	0.92	1.57	1.41	0.48	0.31	0.49	0.45	0.58	1.12	1.12	1.19	0.51	0.62	1.99	1.18	3.05	1.19	1.12	2.25
GRMZM2G025793	1.04	1.93	0.93	9.12	24.3	4.45	33.42	34.13	70.32	76.29	5.17	4.54	28.4	9.79	38.63	0	0	0	0	0.15	0	0.21	0.32	0.95	0.58	2.14	5.82	2.97	15.27	14.81	37.49	43.96	0	0	0.15	0	0	0	0	0.04	0.1	0.75	1.55	3.34	0.68	3.12	8.93	1.3	53.96	4.16	13.34	1.53	32.54	0	0.07	0	0	0	0	0	0	0	0	0	0	0.18	0.26	0	0	0	0	0	0.49	0.07	0	0.52	0	5.66
GRMZM2G025959	367.02	1226.55	1445.93	1690.42	1145.39	1722.79	1621.46	1213.73	2252.58	1763.09	1510.19	1393.44	1445.4	720.25	887.2	4.04	2.23	35.53	25.24	13.37	21.25	58.15	27.13	72.39	95.88	123.92	299.9	236.47	650.93	705.99	407.54	631.4	0.1	2.54	0.91	1.68	0	1.23	86.9	95.34	117.04	147.99	241.52	316.1	280.84	359.55	444.19	608.92	1198.44	601.45	1279.35	518.31	433.71	0	0.08	0	0	0	0	0	0.05	0	1.28	1.15	0	1.12	0.6	0.23	0.17	0.08	0	0	0	0.11	0.17	0	2.57	0
GRMZM2G026703	31.85	55.82	45.65	129.37	363.87	1179.26	4213.92	2532.28	4815.02	4061.47	2111.64	1814.69	1090.83	678.99	262.55	0	0	0.69	0.51	0.5	5.28	7.48	2.01	132.61	24.92	15.42	107.4	28.31	7.02	73.03	1.28	8.68	0.13	2.22	0.91	0.31	0	0.04	0.51	2.07	4.26	5.62	48.96	197.61	465.45	538.91	604.85	431.99	553.9	183.73	802.99	375.07	187.52	0	0	0	0	0	0	0	0	0	0.76	0.7	0.21	0.66	0.56	0.34	0.42	0.19	0	0	0.8	0.19	2.57	0	0.02	0
GRMZM2G026922	5.52	4.63	3.48	4.32	4.98	3.49	8.76	7.75	12.35	18.5	4.77	5.97	13.31	7.01	12.47	3.93	1.71	1.62	1.23	0.72	1.48	1.9	1.66	1.64	1.75	2.52	4.41	2.52	4.22	6.77	6.39	11.17	2.05	3.36	3.37	4.07	3.17	3.89	3.23	2.12	1.71	2.09	2.29	3.12	2.84	2.63	3.27	2.9	13.95	5.64	9.37	4.41	9.4	0.59	0.69	1.9	1.1	0.72	0.83	1.18	1.15	1.32	2.91	3.17	2.12	2.32	2.03	2.65	2.69	2.23	2.49	1.95	1.87	1.45	1.18	1.83	2.06	1.17
GRMZM2G030717	17.31	62.63	40.08	121	134.98	118.51	358.62	216.9	543.14	738.17	273.2	239.79	344.95	171.66	391.87	12.46	4.96	89.43	35.56	18.73	13.19	10.31	12.62	18.84	12.27	22.91	53.83	35	66.81	79.86	167.61	280.83	0.85	2.17	0.91	2.06	2.28	7.58	65.19	23.13	17.09	15.42	24.55	35.47	32.18	36.92	40.71	80.08	352.42	133.62	202.24	94.05	197.23	0.22	1.1	0.15	0.9	0	0	0.69	0	0.05	0.44	0.26	0	0.45	0.16	0.06	0	0.16	0.4	0.07	0.22	0.29	15.37	0.2	1.95	0
GRMZM2G043521	14.44	27.24	25.98	167.97	256.34	218.72	558.61	387.89	1186.37	1364.63	517.09	418.24	825.17	574.07	709.39	12.95	1.97	16.28	11.57	12.01	10.9	18.39	13.43	30.4	29.2	54.87	188.08	89.11	258.46	318.3	520.35	744.45	0.85	1.28	1.19	1.93	0.25	1.89	32.71	36.54	32.12	31.53	50.52	82.81	59.41	100.26	117.33	192.48	747.72	282.18	446.62	203.2	397.79	0	0.19	0.09	0	0	0	0	0	0.14	0.11	0.04	0	0.04	0.03	0	0	0	0.25	0.41	0	0	0.93	0.09	0.45	0.24
GRMZM2G048775	0	0	0	0.17	0.19	0	1.74	1.56	3.32	1.69	0.34	0.34	1.07	0.52	1.03	0.2	0.07	0.2	0.02	0.05	0.14	0.05	0.11	0.07	0.05	0	0.14	0.07	0.06	0.03	0.97	0.25	0.98	21.96	65.39	46.58	58.87	20.97	0.89	2.25	0.84	0.53	0.33	0.36	0.06	0.13	0.21	0.14	1.02	0.19	0.18	0.12	1.25	0	0.17	0	0	0	0	0.03	0	0	0	0	0	0	0	0	0	0	0.03	0.13	0	0.13	11.4	0.11	1.34	0
GRMZM2G070455	1.07	0.22	0	6.14	5.02	66.34	269.55	392.06	658.96	673.67	285.68	231.03	394.17	231.01	177.94	0	0	0.05	0.04	0.04	0.5	0.6	0.25	9.22	3.54	12.84	45.83	20.18	61.88	128.71	145.3	183.49	0	0.1	0.08	0.08	0.05	0	0	0	0.13	0	0.64	9.94	36.79	71.98	80.33	138.54	276.13	71.29	528.91	167.42	190.05	0	0.37	0	0	0	0	0	0	0	0	0	0	0	0	0	0	0	0	0.04	0	0	0.04	0	0	0
GRMZM2G075042	6.04	3.86	23.12	113.35	597.36	768.47	1936.4	1598.93	2878.44	3650.97	1435.75	931.71	1091.51	624.08	576.05	0	0	0.93	0.48	0.56	20.07	4.79	1.98	0.29	28.59	0	78.44	23.04	4.66	0.24	4.14	8.44	0	0.28	0.64	0.29	0.09	0.08	0.06	0	1.43	6.74	43.51	133.13	209.9	250.57	308.96	287.64	406.23	290.55	264.89	210.81	299.54	0	0.28	0	0	0.05	0	0	0	0	0	0.06	0	0	0	0	0	0	0.13	0.07	0	0	0.46	0	0.04	0
GRMZM2G077008	1.03	8	14.57	26.66	28.25	37.71	42.51	30.07	43.47	47.73	31.94	23.52	25.2	18.05	21.42	0	0	0.02	0.04	0.04	0.12	0.12	0.03	1.16	0.77	0.36	1.52	0.41	0.23	1.29	0.29	0.42	1.39	0.67	1.44	1.12	0.29	0.23	0.18	0.18	0.34	1.11	2.77	6.36	3.03	5.84	7.24	9.12	18.66	10.19	19.21	7.1	13.91	0.02	0.01	0	0.02	0.03	0.06	0.04	0.03	0.03	0.03	0	0	0.1	0.06	0.03	0.03	0.04	0.02	0.02	1.65	1.38	0	0	1.9	0
GRMZM2G084389	5.38	32.82	13.53	48.45	56.13	42.72	70.75	55.92	95.99	101.48	43.67	38.62	74.28	57.9	74.68	0.16	0.12	0.6	0.43	0.53	0.8	1.41	0.27	1.87	1.8	2.77	6.67	4.87	13.71	19.6	22.1	38.62	0	0.42	0.32	0.09	0.07	0.06	2.81	2.95	3.19	5.23	7.87	11.2	8.19	9.29	11.49	14.28	55.33	21.17	47.71	16.04	28.3	0	0.08	0	0	0	0	0	0	0	0.16	0	0.09	0	0	0.04	0.04	0	0.09	0.05	0	0.05	0.15	0	0.09	0
GRMZM2G096680	2.5	8.21	5.26	32.05	84.3	242.46	350.74	373.61	814.58	707.21	129.89	55.29	204.95	69.61	119.39	0	0	0	0.09	0	1.35	0.83	0.31	16.02	1.8	0	16.26	5.12	0.19	0	0.15	1	0	0	0	0.18	0	0	0	0.2	0.53	1.52	5.29	26	39.04	42.57	64.92	54.52	142.24	45.21	117.92	23.8	50.07	2.39	163.87	0.08	0.19	0	0	0.08	0.11	0.12	0	0	0.13	0	0	0	0	0	0	0.08	0	0	0	0	0	0
GRMZM2G099340	21.85	49.38	16.9	92.43	187.98	188.37	515.76	332.31	608.02	923.27	569.85	611.68	570.53	282.23	408.62	45.82	18.71	28.43	22.03	12.42	9.13	17.12	7.53	22.65	24.35	41.43	63.13	48.73	71.41	107.65	34.18	38.51	13.33	22.53	24.98	19.92	24.99	25.19	80.7	123.8	93.65	97.02	79.3	98.94	105.13	105.89	192.28	192.4	310.44	93.91	155.79	160.33	74.27	10.72	6.55	20.79	2.13	0.96	3.67	0.33	5.14	5.03	3.25	1.61	1.05	0.87	0.56	1.34	1.73	0.83	3.74	3.63	1.47	1.72	0.59	0.46	6.19	0.04
GRMZM2G112238	272.96	1600.29	1422.81	2462.55	1654.38	2507.24	2375.01	1632.74	2868.24	3185.54	2187.32	1919.1	2153.57	1689.01	1913.32	0	0	3.57	4.28	7.21	21.71	44.91	18.36	74.08	87.57	101.08	288.61	208.15	352.83	402.51	231.79	359.27	0.25	2.04	0.93	1.87	0.54	0.03	10.02	34.55	92.63	158.46	237.59	358.49	356.2	364.03	468.25	732.64	1361.48	541.34	1208.64	675.69	668.23	0	0.02	0	0	0	0	0	0	0	0.96	0.85	0	0.95	0.34	0	0	0.03	0	0	0	0.09	0.13	0	0.16	0
GRMZM2G122357	5.92	8.46	5.47	46.88	295.03	103.64	1108.15	1278.21	3123.05	2707.58	398.45	288.02	994.9	496.83	1129.27	0.34	0.3	1.11	0.37	0.73	2.15	7.49	3.04	19.61	21.82	56.85	295.38	106.15	400.73	274.47	1525.39	1372.6	0.95	0.88	1.17	1.41	1.28	0.9	0.57	0.84	2.85	6.74	15.09	83.06	41.55	161.96	242.29	136.96	1417.33	235.13	401.68	116.07	699.45	3.35	1.58	2.15	1.29	5.07	13.54	1.57	0.19	0.46	0.33	0.16	5.04	0.15	0.33	0.34	0.26	0	5.6	4.35	1.47	1.3	7.19	0.53	3.17	0.06
GRMZM2G123322	3.67	3.33	3.54	3.91	6.32	6.62	5.63	4.5	4.17	7.74	5.55	5.12	5.43	6.55	4.67	4.9	3.62	2.7	1.21	1.35	1.45	1.26	1.51	1.15	1.28	0	0.07	0.35	0.32	1.81	0.75	3.84	11.42	4.5	3.8	4.87	4.28	3.88	3.81	2.39	1.83	2.66	1.43	1.85	4.02	1.05	2.55	0.98	2.5	4.86	3.27	3.06	2.88	0	0	0	0	0	0	0	0	0	0	0	1.43	0	0	0	0.17	0	0	0	0	0	0	0	0	0
GRMZM2G133275	9.21	15.65	4.72	49.88	134.89	66.61	317.27	244.52	626.64	666.45	53.97	52.45	231.02	162.16	304.9	0	0	0.19	0.33	0.32	0.47	3.8	2.42	8.75	4.97	15.41	39.9	15.33	60.45	92.41	164.49	209.24	0	0.39	0.3	0.07	0.08	0.11	0.38	2.57	3.17	7.89	10.86	36.8	23.33	33.36	48.31	24.78	467.91	47.8	226.01	30.64	380.14	0	0	0	0.07	0	0	0	0	0	0.18	0	0	0.05	0	0	0	0	0.05	0.11	0.12	0	0.73	0.63	0	0
GRMZM2G136663	16.02	22.9	22.66	26.67	35.32	26.03	43.03	55.27	39.49	66.14	21.55	29.18	39.39	25.52	42.23	1.54	0	0.39	0.12	0.05	0.45	0.1	0.15	0.81	0.48	0.75	4.58	1.84	6.41	8.09	23.06	18.86	0	0.15	0	0	0	0.05	1.24	0.85	1.01	1.86	2.78	5.02	4.64	5.5	6.09	11.72	58.11	30.78	22.93	9.39	40.8	0.08	0.12	0	0	0	0	0.04	0	0	0.03	0.1	0	0.07	0.03	0	0	0	0.03	0	0.11	0.34	0.07	1.4	0.11	1.7
GRMZM2G139797	287.52	670.09	500	679.69	461.53	691.73	913.71	844.23	1826.73	1061.74	677.76	595.71	1017.77	919.88	999.5	57.92	9.59	10.03	8.38	7.15	9.93	24.63	10.69	40.71	38.02	53.62	141.74	97.86	292.49	387.67	446.28	1007.43	0	1.39	0.23	1.07	2.62	6.06	25.06	41.97	56.19	63.55	89.04	171.1	129.59	194.28	186.89	285.67	1002.72	467.99	1048.38	423.6	822.45	0.02	0.04	0	0.18	0.18	0.63	0.04	0	0	0.63	0.37	0	0.39	0.17	0	0	0	0	0	0	0	0.75	0	0	0
GRMZM2G157982	0.1	0	0	0.09	0.56	0.51	4.32	5.84	10.82	7.56	0.67	0.47	0.71	3.54	4.73	0	0.16	0	0	0	0	0	0	0	0	0	0.51	0.08	0	0	0.14	0	0	0	0	0	0	0.08	0	0	0.04	0.13	0.14	0	0.55	0.86	0.07	0.6	2.23	0.93	0.27	0.76	3.78	0	0	0	0.17	0.05	0	0	0	0	0	0	0	0	0	0	0	0	0	0	0.28	0.07	0	0.09	0.89	0
GRMZM2G162659	11.8	21.5	11.98	64.22	205.17	227.69	723.35	496.85	1018.76	1166.11	516.97	523.5	809.51	559.56	827.39	0.15	0	0.3	0.24	0.14	3.05	1.33	1.31	17.65	4.97	4.04	62.26	28.53	97.86	145.24	166.34	211.31	0.09	0.22	0	0.26	0	0.08	0.05	0.37	0.84	3.66	14.81	47.63	44.41	78.87	103.12	167.42	1126	595.57	715.11	274.8	553.91	0.03	1.33	0	0	0	0	0	0	0	0.05	0.06	0	0.11	0.1	0.15	0.1	0	0.53	0.13	0	0	2.83	0	0.12	0
GRMZM2G166776	0.59	0.19	0.22	2.12	3.24	1.47	35.71	69.72	300.72	104.36	18.68	9.88	62.41	95.03	127.06	0.21	0	0.03	0.16	0.1	0	0.24	0.09	0.38	0.44	5.66	32.22	15.12	24.5	27.81	189.1	133.57	0	0	0.14	0	0	0	0.33	0.73	0.59	0	0.14	1.75	1.43	7.45	8.53	9.2	172.77	15.25	40.69	36.16	153.5	0.03	1.18	0	0.16	0	0	0.21	0	0	0	0	0	0	0	0	0	0	0.06	0.13	0.6	0	0.96	0	0.04	0.04
GRMZM2G177792	0.25	0.12	0	0.76	1.43	0.41	14.95	46.76	149	149.76	54.5	45.29	101.65	23.37	61.29	0.07	0	0.22	2.17	2.82	4.22	13.91	5.27	11.94	12.2	16.71	16.1	28.8	26.11	24.42	25.66	37.05	0	0.14	0.17	0.29	0	0.08	0.78	6.82	18.98	18.51	19.99	35.93	29.94	34.59	40.17	35.27	61.98	18.53	41.01	16.36	25.24	0.13	5.98	0.26	1.03	0	0	0	0	0	0	0	0	0	0	0	0	0	0.69	0.65	0	0	0	0	0.05	0
GRMZM2G325118	78.01	256.98	197.93	1601.67	3124.08	3861.39	13506.95	10414.16	25534.25	15259.76	3812.51	2590.23	5471.8	2063	2136.38	0.04	0.07	7.16	9.9	23.59	50.25	224.32	126.02	529.31	474.6	985.86	1107.76	1234.31	1879.93	2640.69	2005.67	2787.66	0.47	8.66	4.11	4.06	0.13	0.1	5.08	29.54	162.26	174.84	504.89	1675.59	1827.53	2102.9	2575.92	1711.18	5829.03	562.4	3725.15	1200.19	1655.9	0	0.01	0	0	0	0	0	0	0	0.89	0.74	0	1.12	0.6	0	0	0	0.08	0	0.11	0.06	2.16	0	0	0
GRMZM2G359559	0	0.09	0	0.08	0.36	0.18	1.56	0.46	0.18	3.15	0.79	0.64	1.12	0.38	1.04	0	0	0	0	0	0	0	0	0.04	0	0	0	0.07	0	0	0	0	0	0	0	0.07	0.04	0	0	0	0	0	0	0.11	0.46	0.07	0.33	0.29	0.14	0.23	0.34	0.13	0.1	0.06	0.02	0	0.18	0.12	0.11	0.12	0.02	0	0	0	0	0	0.07	0	0	0	0	0	0.03	0	0	0	0	0
GRMZM2G377113	3.4	9.59	9.94	15.34	14.02	23.14	17.81	16.11	17.6	27.27	11.22	13.34	10.7	6.9	12.95	0.54	0.13	0.19	0	0	0.14	0.25	0.08	0.49	0.19	0.41	0.57	0.49	0.21	0.5	0.11	0.08	0	0	0	0	0	0.21	0.56	0.22	0.21	0.37	1.28	2.36	3.92	2.33	3.26	3.32	2.92	3.52	4.81	3.35	4.14	0	0	0	0	0	0	0	0	0	0.04	0	0.39	0	0	0	0	0	0.05	0.11	0	0	0	0	0	0
GRMZM2G416913	0	0.08	0	0.04	0.11	0.61	2.23	4.37	7.15	5.28	3.52	2.55	2.86	2.86	3.26	0	0	0	0.02	0	0.04	0.01	0	0.19	0.17	0.66	0.07	0.34	0.44	2	3.44	2.06	0	0.02	0.08	0	0	0	0	0.03	0.02	0.09	0.06	0.33	0.31	0.82	1.4	1.34	2.77	1.62	2.52	2.98	1.84	0	0	0	0	0	0	0	0	0	0.04	0.02	0.04	0	0	0.04	0	0	0.02	0	0	0	0	0	0	0
GRMZM2G442555	4.69	13.35	16.96	35.23	61.37	52.22	124.56	69.62	143.96	172.52	63.88	49.99	67.95	137.68	86.67	0.08	0.12	0.05	0.04	0	0.53	0.24	0.21	3.17	0.94	1.14	3.68	2.69	8.67	10.52	66.84	55.16	0.4	0.32	0.38	0.13	0.04	0	0	0.07	0.3	2.1	4.18	10.75	5.3	9.34	4.75	18.78	91.06	95.85	48.12	37.06	92	0	0.05	0	0	0	0	0	0	0	0.12	0.14	0.09	0.28	0.4	0.04	0.08	0.08	0	0.05	1.68	0.21	0.1	0	0.84	0
GRMZM2G700386	3.31	3.64	5.68	2.94	3.87	5.85	4.86	6.15	7.47	6.75	4.6	3.21	2.66	3.73	4.16	0.05	0	0	0.04	0	0.03	0	0.04	0	0.03	0	0.11	0.07	0	0	0	0	0.19	0	0	0	0	0	0	0.12	0.07	0.23	0.17	0.52	0.96	0.82	0.94	0.73	1.59	1.37	1.53	1.72	1.87	0.06	0.31	0	0	0	0	0	0	0	0	0.03	0.05	0	0	0.26	0.16	0.07	0.06	0	0.03	0.03	0	0	0.11	0
GRMZM2G700730	0	0	0	0	0	0	0	0	0	2.84	0	0	0.22	0	0	0	0	0	0	0	0	0	0	0	0	0	0	0	0	0.21	0	0	0	0	0	0	0	0	0	0	0	0	0	0	0	0	0	0	0.19	0	0	0	0.19	0	0	0	0	0	0	0.25	0	0	0	0	0	0	0	0	0	0	0	0	0	0	0	0	0	0
GRMZM5G801531	0.1	0.1	0.12	0	0	0	1.05	1.5	2.29	2.46	0.55	0.27	0.79	0.48	0.92	0	0	0	0	0	0	0.04	0	0	0	0	0	0	0	0	0	0	0	0.05	0.22	0	0	0	0	0	0	0	0	0	0	0.25	0.08	0.3	0.58	0.39	0.07	0.06	0.64	0	1.18	0	0	0	0	0	0	0	0.05	0	0	0	0	0	0	0	0	0.21	0	0.07	0	0	0	0
